[
  {
    "tac": "35197706",
    "name": "Apple iPad Air",
    "brand": "Apple",
    "model": "iPad Air",
    "type": "Tablet",
    "frequency": [
      "CDMA2000",
      "LTE FDD BAND 1",
      "LTE FDD BAND 13",
      "LTE FDD BAND 17",
      "LTE FDD BAND 18",
      "LTE FDD BAND 19",
      "LTE FDD BAND 2",
      "LTE FDD BAND 20",
      "LTE FDD BAND 25",
      "LTE FDD BAND 3",
      "LTE FDD BAND 4",
      "LTE FDD BAND 5",
      "LTE FDD BAND 7",
      "LTE FDD BAND 8",
      "GSM 1800",
      "GSM 1900",
      "GSM850 (GSM800)",
      "GSM 900",
      "HSDPA",
      "HSUPA",
      "WCDMA FDD Band 1",
      "WCDMA FDD Band 2",
      "WCDMA FDD Band 4",
      "WCDMA FDD Band 5",
      "WCDMA FDD Band 8"
    ],
    "manufacturer": "Apple Inc",
    "device_id": 5797
  },
  {
    "tac": "35199406",
    "name": "Apple iPhone 5s",
    "brand": "Apple",
    "model": "iPhone 5s",
    "type": "Smartphone",
    "frequency": [
      "GSM 1800",
      "GSM 1900",
      "GSM 900",
      "GSM850 (GSM800)",
      "WCDMA FDD Band 1",
      "WCDMA FDD Band 2",
      "WCDMA FDD Band 5",
      "WCDMA FDD Band 8"
    ],
    "manufacturer": "Apple Inc",
    "device_id": 5685
  },
  {
    "tac": "35206207",
    "name": "Apple iPad mini 3",
    "brand": "Apple",
    "model": "iPad mini 3",
    "type": "Smartphone",
    "frequency": [
      "CDMA2000",
      "LTE FDD BAND 1",
      "LTE FDD BAND 13",
      "LTE FDD BAND 17",
      "LTE FDD BAND 18",
      "LTE FDD BAND 19",
      "LTE FDD BAND 2",
      "LTE FDD BAND 20",
      "LTE FDD BAND 25",
      "LTE FDD BAND 3",
      "LTE FDD BAND 4",
      "LTE FDD BAND 5",
      "LTE FDD BAND 7",
      "LTE FDD BAND 8",
      "GSM 1800",
      "GSM 1900",
      "GSM 900",
      "GSM850 (GSM800)",
      "WCDMA FDD Band 1",
      "WCDMA FDD Band 2",
      "WCDMA FDD Band 4",
      "WCDMA FDD Band 5",
      "WCDMA FDD Band 8"
    ],
    "manufacturer": "Apple Inc",
    "device_id": 6741
  },
  {
    "tac": "35208707",
    "name": "Apple iPhone 5s",
    "brand": "Apple",
    "model": "iPhone 5s",
    "type": "Smartphone",
    "frequency": [
      "LTE FDD BAND 1",
      "LTE FDD BAND 2",
      "LTE FDD BAND 20",
      "LTE FDD BAND 3",
      "LTE FDD BAND 5",
      "LTE FDD BAND 7",
      "LTE FDD BAND 8",
      "LTE TDD BAND 38",
      "LTE TDD BAND 39",
      "LTE TDD BAND 40",
      "GSM 1800",
      "GSM 1900",
      "GSM 900",
      "GSM850 (GSM800)",
      "WCDMA FDD Band 1",
      "WCDMA FDD Band 2",
      "WCDMA FDD Band 5",
      "WCDMA FDD Band 8"
    ],
    "manufacturer": "Apple Inc",
    "device_id": 5685
  },
  {
    "tac": "35268007",
    "name": "HTC 0PFH210",
    "brand": "HTC",
    "model": "0PFH210",
    "type": "Smartphone",
    "frequency": [
      "LTE FDD BAND 1",
      "LTE FDD BAND 19",
      "LTE FDD BAND 28",
      "LTE FDD BAND 3",
      "LTE FDD BAND 7",
      "LTE FDD BAND 8",
      "LTE TDD BAND 38",
      "LTE TDD BAND 39",
      "LTE TDD BAND 40",
      "LTE TDD BAND 41",
      "GSM 1800",
      "GSM 1900",
      "GSM 900",
      "GSM850 (GSM800)",
      "TD-SCDMA",
      "WCDMA FDD Band 1",
      "WCDMA FDD Band 2",
      "WCDMA FDD Band 5",
      "WCDMA FDD Band 8"
    ],
    "manufacturer": "HTC Corporation",
    "device_id": null
  },
  {
    "tac": "35287805",
    "name": "HTC PL83200",
    "brand": "HTC",
    "model": "PL83200",
    "type": "Handheld",
    "frequency": [
      "CDMA2000",
      "LTE FDD BAND 13",
      "GSM 1800",
      "GSM 1900",
      "GSM850 (GSM800)",
      "GSM 900",
      "HSDPA",
      "HSUPA",
      "WCDMA FDD Band 1",
      "WCDMA FDD Band 2",
      "WCDMA FDD Band 5",
      "WCDMA FDD Band 8"
    ],
    "manufacturer": "HTC Corporation",
    "device_id": null
  },
  {
    "tac": "35303609",
    "name": "Apple iPad 9.7 (2018)",
    "brand": "Apple",
    "model": "iPad 9.7 (2018)",
    "type": "Tablet",
    "frequency": [
      "CDMA2000",
      "LTE FDD BAND 1",
      "LTE FDD BAND 3",
      "LTE FDD BAND 4",
      "LTE FDD BAND 5",
      "LTE FDD BAND 7",
      "LTE FDD BAND 8",
      "LTE FDD BAND 12",
      "LTE FDD BAND 13",
      "LTE FDD BAND 17",
      "LTE FDD BAND 18",
      "LTE FDD BAND 19",
      "LTE FDD BAND 20",
      "LTE FDD BAND 25",
      "LTE FDD BAND 26",
      "LTE FDD BAND 27",
      "LTE FDD BAND 28",
      "LTE FDD BAND 29",
      "LTE FDD Band 30",
      "LTE TDD BAND 38",
      "LTE TDD BAND 39",
      "LTE TDD BAND 40",
      "LTE TDD BAND 41",
      "GSM850 (GSM800)",
      "GSM 900",
      "GSM 1800",
      "GSM 1900",
      "WCDMA FDD Band 1",
      "WCDMA FDD Band 2",
      "WCDMA FDD Band 4",
      "WCDMA FDD Band 5",
      "WCDMA FDD Band 8"
    ],
    "manufacturer": "Apple Inc",
    "device_id": 9142
  },
  {
    "tac": "35304509",
    "name": "Apple iPhone X",
    "brand": "Apple",
    "model": "iPhone X",
    "type": "Smartphone",
    "frequency": [
      "CDMA2000",
      "LTE FDD BAND 1",
      "LTE FDD BAND 2",
      "LTE FDD BAND 3",
      "LTE FDD BAND 4",
      "LTE FDD BAND 5",
      "LTE FDD BAND 7",
      "LTE FDD BAND 8",
      "LTE FDD BAND 12",
      "LTE FDD BAND 13",
      "LTE FDD BAND 17",
      "LTE FDD BAND 18",
      "LTE FDD BAND 19",
      "LTE FDD BAND 20",
      "LTE FDD BAND 24",
      "LTE FDD BAND 25",
      "LTE FDD BAND 26",
      "LTE FDD BAND 27",
      "LTE FDD BAND 28",
      "LTE TDD BAND 38",
      "LTE TDD BAND 39",
      "LTE TDD BAND 40",
      "LTE TDD BAND 41",
      "GSM850 (GSM800)",
      "GSM 900",
      "GSM 1800",
      "GSM 1900",
      "WCDMA FDD Band 1",
      "WCDMA FDD Band 2",
      "WCDMA FDD Band 4",
      "WCDMA FDD Band 5",
      "WCDMA FDD Band 8"
    ],
    "manufacturer": "Apple Inc",
    "device_id": 8858
  },
  {
    "tac": "35306709",
    "name": "Apple iPhone SE",
    "brand": "Apple",
    "model": "iPhone SE",
    "type": "Smartphone",
    "frequency": [
      "CDMA2000",
      "LTE FDD BAND 1",
      "LTE FDD BAND 2",
      "LTE FDD BAND 3",
      "LTE FDD BAND 4",
      "LTE FDD BAND 5",
      "LTE FDD BAND 7",
      "LTE FDD BAND 8",
      "LTE FDD BAND 12",
      "LTE FDD BAND 13",
      "LTE FDD BAND 17",
      "LTE FDD BAND 18",
      "LTE FDD BAND 20",
      "LTE FDD BAND 25",
      "LTE FDD BAND 26",
      "LTE FDD BAND 27",
      "LTE FDD BAND 28",
      "LTE FDD BAND 29",
      "LTE FDD Band 30",
      "LTE TDD BAND 38",
      "LTE TDD BAND 39",
      "LTE TDD BAND 40",
      "LTE TDD BAND 41",
      "GSM850 (GSM800)",
      "GSM 900",
      "GSM 1800",
      "GSM 1900",
      "WCDMA FDD Band 1",
      "WCDMA FDD Band 2",
      "WCDMA FDD Band 4",
      "WCDMA FDD Band 5",
      "WCDMA FDD Band 8"
    ],
    "manufacturer": "Apple Inc",
    "device_id": 7969
  },
  {
    "tac": "35331907",
    "name": "Apple iPhone 6",
    "brand": "Apple",
    "model": "iPhone 6",
    "type": "Smartphone",
    "frequency": [
      "CDMA2000",
      "LTE FDD BAND 1",
      "LTE FDD BAND 2",
      "LTE FDD BAND 3",
      "LTE FDD BAND 4",
      "LTE FDD BAND 5",
      "LTE FDD BAND 7",
      "LTE FDD BAND 8",
      "LTE FDD BAND 13",
      "LTE FDD BAND 18",
      "LTE FDD BAND 19",
      "LTE FDD BAND 20",
      "LTE FDD BAND 25",
      "LTE FDD BAND 26",
      "LTE FDD BAND 28",
      "LTE TDD BAND 38",
      "LTE TDD BAND 39",
      "LTE TDD BAND 40",
      "LTE TDD BAND 41",
      "GSM850 (GSM800)",
      "GSM 900",
      "GSM 1800",
      "WCDMA FDD Band 1",
      "WCDMA FDD Band 2",
      "WCDMA FDD Band 4",
      "WCDMA FDD Band 5",
      "WCDMA FDD Band 8",
      "WCDMA TDD Band A"
    ],
    "manufacturer": "Apple Inc",
    "device_id": 6378
  },
  {
    "tac": "35342805",
    "name": "HTC PM36100",
    "brand": "HTC",
    "model": "PM36100",
    "type": "Handheld",
    "frequency": [
      "LTE FDD BAND 17",
      "LTE FDD BAND 2",
      "LTE FDD BAND 4",
      "LTE FDD BAND 5",
      "GSM 1800",
      "GSM 1900",
      "GSM850 (GSM800)",
      "GSM 900",
      "802.11a",
      "Bluetooth",
      "FM87.5MHZ-108MHZ",
      "GPS",
      "NFC",
      "HSDPA",
      "HSUPA",
      "WCDMA FDD Band 1",
      "WCDMA FDD Band 2",
      "WCDMA FDD Band 5"
    ],
    "manufacturer": "HTC Corporation",
    "device_id": null
  },
  {
    "tac": "35383108",
    "name": "Apple iPhone 7 Plus (A1867)",
    "brand": "Apple",
    "model": "iPhone 7 Plus (A1867)",
    "type": "Smartphone",
    "frequency": [
      "CDMA2000",
      "LTE FDD BAND 1",
      "LTE FDD BAND 2",
      "LTE FDD BAND 3",
      "LTE FDD BAND 4",
      "LTE FDD BAND 5",
      "LTE FDD BAND 7",
      "LTE FDD BAND 8",
      "LTE FDD BAND 12",
      "LTE FDD BAND 13",
      "LTE FDD BAND 17",
      "LTE FDD BAND 18",
      "LTE FDD BAND 19",
      "LTE FDD BAND 20",
      "LTE FDD BAND 25",
      "LTE FDD BAND 26",
      "LTE FDD BAND 27",
      "LTE FDD BAND 28",
      "LTE FDD BAND 29",
      "LTE FDD Band 30",
      "LTE TDD BAND 38",
      "LTE TDD BAND 39",
      "LTE TDD BAND 40",
      "LTE TDD BAND 41",
      "GSM850 (GSM800)",
      "GSM 900",
      "GSM 1800",
      "GSM 1900",
      "WCDMA FDD Band 1",
      "WCDMA FDD Band 2",
      "WCDMA FDD Band 4",
      "WCDMA FDD Band 5",
      "WCDMA FDD Band 8"
    ],
    "manufacturer": "Apple Inc",
    "device_id": null
  },
  {
    "tac": "35394608",
    "name": "HTC 2PYR200",
    "brand": "HTC",
    "model": "2PYR200",
    "type": "Smartphone",
    "frequency": [
      "LTE FDD BAND 12",
      "LTE FDD BAND 2",
      "LTE FDD BAND 4",
      "LTE FDD BAND 5",
      "GSM 1800",
      "GSM 1900",
      "GSM 900",
      "GSM850 (GSM800)",
      "WCDMA FDD Band 2",
      "WCDMA FDD Band 4",
      "WCDMA FDD Band 5"
    ],
    "manufacturer": "HTC Corporation",
    "device_id": null
  },
  {
    "tac": "35397704",
    "name": "Huawei EM701",
    "brand": "Huawei",
    "model": "EM701",
    "type": "Module",
    "frequency": [
      "GSM 1800",
      "GSM 1900",
      "GSM 900",
      "GSM850 (GSM800)",
      "WCDMA FDD Band 1",
      "WCDMA FDD Band 5",
      "WCDMA FDD Band 6"
    ],
    "manufacturer": "HUAWEI Technologies Co Ltd",
    "device_id": null
  },
  {
    "tac": "35439706",
    "name": "Apple iPhone 6",
    "brand": "Apple",
    "model": "iPhone 6",
    "type": "Smartphone",
    "frequency": [
      "CDMA2000",
      "LTE FDD BAND 1",
      "LTE FDD BAND 13",
      "LTE FDD BAND 17",
      "LTE FDD BAND 18",
      "LTE FDD BAND 19",
      "LTE FDD BAND 2",
      "LTE FDD BAND 20",
      "LTE FDD BAND 25",
      "LTE FDD BAND 26",
      "LTE FDD BAND 28",
      "LTE FDD BAND 29",
      "LTE FDD BAND 3",
      "LTE FDD BAND 4",
      "LTE FDD BAND 5",
      "LTE FDD BAND 7",
      "LTE FDD BAND 8",
      "LTE TDD BAND 38",
      "LTE TDD BAND 39",
      "LTE TDD BAND 40",
      "LTE TDD BAND 41",
      "GSM 1800",
      "GSM 1900",
      "GSM 900",
      "GSM850 (GSM800)",
      "TD-SCDMA",
      "WCDMA FDD Band 1",
      "WCDMA FDD Band 2",
      "WCDMA FDD Band 4",
      "WCDMA FDD Band 5",
      "WCDMA FDD Band 8"
    ],
    "manufacturer": "Apple Inc",
    "device_id": 6378
  },
  {
    "tac": "35444205",
    "name": "Apple iPad mini 2",
    "brand": "Apple",
    "model": "iPad mini 2",
    "type": "Handheld",
    "frequency": [
      "CDMA2000",
      "LTE FDD BAND 1",
      "LTE FDD BAND 13",
      "LTE FDD BAND 17",
      "LTE FDD BAND 18",
      "LTE FDD BAND 19",
      "LTE FDD BAND 2",
      "LTE FDD BAND 20",
      "LTE FDD BAND 25",
      "LTE FDD BAND 3",
      "LTE FDD BAND 4",
      "LTE FDD BAND 5",
      "LTE FDD BAND 7",
      "LTE FDD BAND 8",
      "GSM 1800",
      "GSM 1900",
      "GSM 900",
      "GSM850 (GSM800)",
      "WCDMA FDD Band 1",
      "WCDMA FDD Band 2",
      "WCDMA FDD Band 4",
      "WCDMA FDD Band 5",
      "WCDMA FDD Band 8"
    ],
    "manufacturer": "Apple Inc",
    "device_id": 5735
  },
  {
    "tac": "35483909",
    "name": "Apple iPhone X",
    "brand": "Apple",
    "model": "iPhone X",
    "type": "Smartphone",
    "frequency": [
      "CDMA2000",
      "LTE FDD BAND 1",
      "LTE FDD BAND 3",
      "LTE FDD BAND 4",
      "LTE FDD BAND 5",
      "LTE FDD BAND 7",
      "LTE FDD BAND 8",
      "LTE FDD BAND 12",
      "LTE FDD BAND 13",
      "LTE FDD BAND 17",
      "LTE FDD BAND 18",
      "LTE FDD BAND 19",
      "LTE FDD BAND 20",
      "LTE FDD BAND 24",
      "LTE FDD BAND 25",
      "LTE FDD BAND 26",
      "LTE FDD BAND 27",
      "LTE FDD BAND 28",
      "LTE TDD BAND 38",
      "LTE TDD BAND 39",
      "LTE TDD BAND 40",
      "LTE TDD BAND 41",
      "GSM850 (GSM800)",
      "GSM 1800",
      "GSM 1900",
      "WCDMA FDD Band 1",
      "WCDMA FDD Band 2",
      "WCDMA FDD Band 4",
      "WCDMA FDD Band 5",
      "WCDMA FDD Band 8"
    ],
    "manufacturer": "Apple Inc",
    "device_id": 8858
  },
  {
    "tac": "35496006",
    "name": "HTC PN07100",
    "brand": "HTC",
    "model": "PN07100",
    "type": "Smartphone",
    "frequency": [
      "LTE FDD BAND 20",
      "LTE FDD BAND 3",
      "LTE FDD BAND 7",
      "GSM 1800",
      "GSM 1900",
      "GSM 900",
      "GSM850 (GSM800)",
      "WCDMA FDD Band 1",
      "WCDMA FDD Band 2",
      "WCDMA FDD Band 8"
    ],
    "manufacturer": "HTC Corporation",
    "device_id": null
  },
  {
    "tac": "35498307",
    "name": "Apple iPhone 6s Plus",
    "brand": "Apple",
    "model": "iPhone 6s Plus",
    "type": "Smartphone",
    "frequency": [
      "CDMA2000",
      "LTE FDD BAND 1",
      "LTE FDD BAND 2",
      "LTE FDD BAND 3",
      "LTE FDD BAND 4",
      "LTE FDD BAND 5",
      "LTE FDD BAND 7",
      "LTE FDD BAND 8",
      "LTE FDD BAND 12",
      "LTE FDD BAND 13",
      "LTE FDD BAND 17",
      "LTE FDD BAND 18",
      "LTE FDD BAND 19",
      "LTE FDD BAND 20",
      "LTE FDD BAND 25",
      "LTE FDD BAND 26",
      "LTE FDD BAND 27",
      "LTE FDD BAND 28",
      "LTE FDD BAND 29",
      "LTE TDD BAND 38",
      "LTE TDD BAND 39",
      "LTE TDD BAND 40",
      "LTE TDD BAND 41",
      "GSM850 (GSM800)",
      "GSM 900",
      "GSM 1800",
      "GSM 1900",
      "WCDMA FDD Band 1",
      "WCDMA FDD Band 2",
      "WCDMA FDD Band 4",
      "WCDMA FDD Band 5",
      "WCDMA FDD Band 8",
      "WCDMA TDD Band A"
    ],
    "manufacturer": "Apple Inc",
    "device_id": 7243
  },
  {
    "tac": "35538107",
    "name": "Apple iPhone 6",
    "brand": "Apple",
    "model": "iPhone 6",
    "type": "Smartphone",
    "frequency": [
      "CDMA2000",
      "LTE FDD BAND 1",
      "LTE FDD BAND 2",
      "LTE FDD BAND 3",
      "LTE FDD BAND 4",
      "LTE FDD BAND 5",
      "LTE FDD BAND 7",
      "LTE FDD BAND 8",
      "LTE FDD BAND 13",
      "LTE FDD BAND 17",
      "LTE FDD BAND 18",
      "LTE FDD BAND 19",
      "LTE FDD BAND 20",
      "LTE FDD BAND 25",
      "LTE FDD BAND 26",
      "LTE FDD BAND 28",
      "LTE FDD BAND 29",
      "LTE TDD BAND 38",
      "LTE TDD BAND 39",
      "LTE TDD BAND 40",
      "LTE TDD BAND 41",
      "GSM850 (GSM800)",
      "GSM 900",
      "GSM 1800",
      "GSM 1900",
      "WCDMA FDD Band 1",
      "WCDMA FDD Band 2",
      "WCDMA FDD Band 4",
      "WCDMA FDD Band 5",
      "WCDMA FDD Band 8"
    ],
    "manufacturer": "Apple Inc",
    "device_id": 6378
  },
  {
    "tac": "35539008",
    "name": "Apple iPhone 5s",
    "brand": "Apple",
    "model": "iPhone 5s",
    "type": "Smartphone",
    "frequency": [
      "LTE FDD BAND 1",
      "LTE FDD BAND 2",
      "LTE FDD BAND 3",
      "LTE FDD BAND 5",
      "LTE FDD BAND 7",
      "LTE FDD BAND 8",
      "LTE FDD BAND 20",
      "GSM850 (GSM800)",
      "GSM 900",
      "GSM 1800",
      "GSM 1900",
      "WCDMA FDD Band 1",
      "WCDMA FDD Band 2",
      "WCDMA FDD Band 4",
      "WCDMA FDD Band 5",
      "WCDMA FDD Band 8"
    ],
    "manufacturer": "Apple Inc",
    "device_id": 5685
  },
  {
    "tac": "35539507",
    "name": "Apple iPhone 6",
    "brand": "Apple",
    "model": "iPhone 6",
    "type": "Smartphone",
    "frequency": [
      "CDMA2000",
      "LTE FDD BAND 1",
      "LTE FDD BAND 2",
      "LTE FDD BAND 3",
      "LTE FDD BAND 4",
      "LTE FDD BAND 5",
      "LTE FDD BAND 7",
      "LTE FDD BAND 8",
      "LTE FDD BAND 13",
      "LTE FDD BAND 17",
      "LTE FDD BAND 18",
      "LTE FDD BAND 19",
      "LTE FDD BAND 20",
      "LTE FDD BAND 25",
      "LTE FDD BAND 26",
      "LTE FDD BAND 28",
      "LTE FDD BAND 29",
      "LTE TDD BAND 38",
      "LTE TDD BAND 39",
      "LTE TDD BAND 40",
      "LTE TDD BAND 41",
      "GSM850 (GSM800)",
      "GSM 900",
      "GSM 1800",
      "GSM 1900",
      "WCDMA FDD Band 1",
      "WCDMA FDD Band 2",
      "WCDMA FDD Band 4",
      "WCDMA FDD Band 5",
      "WCDMA FDD Band 8",
      "WCDMA TDD Band A"
    ],
    "manufacturer": "Apple Inc",
    "device_id": 6378
  },
  {
    "tac": "35540807",
    "name": "Apple iPhone 6",
    "brand": "Apple",
    "model": "iPhone 6",
    "type": "Smartphone",
    "frequency": [
      "CDMA2000",
      "LTE FDD BAND 1",
      "LTE FDD BAND 2",
      "LTE FDD BAND 3",
      "LTE FDD BAND 4",
      "LTE FDD BAND 5",
      "LTE FDD BAND 7",
      "LTE FDD BAND 8",
      "LTE FDD BAND 13",
      "LTE FDD BAND 17",
      "LTE FDD BAND 18",
      "LTE FDD BAND 19",
      "LTE FDD BAND 20",
      "LTE FDD BAND 25",
      "LTE FDD BAND 26",
      "LTE FDD BAND 28",
      "LTE FDD BAND 29",
      "LTE TDD BAND 38",
      "LTE TDD BAND 39",
      "LTE TDD BAND 40",
      "LTE TDD BAND 41",
      "GSM850 (GSM800)",
      "GSM 900",
      "GSM 1800",
      "GSM 1900",
      "WCDMA FDD Band 1",
      "WCDMA FDD Band 2",
      "WCDMA FDD Band 4",
      "WCDMA FDD Band 5",
      "WCDMA FDD Band 8",
      "WCDMA TDD Band A"
    ],
    "manufacturer": "Apple Inc",
    "device_id": 6378
  },
  {
    "tac": "35543507",
    "name": "Apple iPhone SE",
    "brand": "Apple",
    "model": "iPhone SE",
    "type": "Smartphone",
    "frequency": [
      "CDMA2000",
      "LTE FDD BAND 1",
      "LTE FDD BAND 2",
      "LTE FDD BAND 3",
      "LTE FDD BAND 4",
      "LTE FDD BAND 5",
      "LTE FDD BAND 8",
      "LTE FDD BAND 12",
      "LTE FDD BAND 13",
      "LTE FDD BAND 17",
      "LTE FDD BAND 18",
      "LTE FDD BAND 19",
      "LTE FDD BAND 20",
      "LTE FDD BAND 25",
      "LTE FDD BAND 26",
      "LTE FDD BAND 29",
      "GSM850 (GSM800)",
      "GSM 900",
      "GSM 1800",
      "GSM 1900",
      "WCDMA FDD Band 1",
      "WCDMA FDD Band 2",
      "WCDMA FDD Band 4",
      "WCDMA FDD Band 5",
      "WCDMA FDD Band 8"
    ],
    "manufacturer": "Apple Inc",
    "device_id": 7969
  },
  {
    "tac": "35573707",
    "name": "Apple iPhone 6s Plus",
    "brand": "Apple",
    "model": "iPhone 6s Plus",
    "type": "Smartphone",
    "frequency": [
      "CDMA2000",
      "LTE FDD BAND 1",
      "LTE FDD BAND 2",
      "LTE FDD BAND 3",
      "LTE FDD BAND 4",
      "LTE FDD BAND 5",
      "LTE FDD BAND 7",
      "LTE FDD BAND 8",
      "LTE FDD BAND 12",
      "LTE FDD BAND 13",
      "LTE FDD BAND 17",
      "LTE FDD BAND 18",
      "LTE FDD BAND 19",
      "LTE FDD BAND 20",
      "LTE FDD BAND 25",
      "LTE FDD BAND 26",
      "LTE FDD BAND 27",
      "LTE FDD BAND 28",
      "LTE FDD BAND 29",
      "LTE TDD BAND 38",
      "LTE TDD BAND 39",
      "LTE TDD BAND 40",
      "LTE TDD BAND 41",
      "GSM850 (GSM800)",
      "GSM 900",
      "GSM 1800",
      "GSM 1900",
      "WCDMA FDD Band 1",
      "WCDMA FDD Band 2",
      "WCDMA FDD Band 4",
      "WCDMA FDD Band 5",
      "WCDMA FDD Band 8"
    ],
    "manufacturer": "Apple Inc",
    "device_id": 7243
  },
  {
    "tac": "35573907",
    "name": "Apple iPhone 6s Plus",
    "brand": "Apple",
    "model": "iPhone 6s Plus",
    "type": "Smartphone",
    "frequency": [
      "CDMA2000",
      "LTE FDD BAND 1",
      "LTE FDD BAND 2",
      "LTE FDD BAND 3",
      "LTE FDD BAND 4",
      "LTE FDD BAND 5",
      "LTE FDD BAND 7",
      "LTE FDD BAND 8",
      "LTE FDD BAND 12",
      "LTE FDD BAND 13",
      "LTE FDD BAND 17",
      "LTE FDD BAND 18",
      "LTE FDD BAND 19",
      "LTE FDD BAND 20",
      "LTE FDD BAND 25",
      "LTE FDD BAND 26",
      "LTE FDD BAND 27",
      "LTE FDD BAND 28",
      "LTE FDD BAND 29",
      "LTE TDD BAND 38",
      "LTE TDD BAND 39",
      "LTE TDD BAND 40",
      "LTE TDD BAND 41",
      "GSM850 (GSM800)",
      "GSM 900",
      "GSM 1800",
      "GSM 1900",
      "WCDMA FDD Band 1",
      "WCDMA FDD Band 2",
      "WCDMA FDD Band 4",
      "WCDMA FDD Band 5",
      "WCDMA FDD Band 8",
      "WCDMA TDD Band A"
    ],
    "manufacturer": "Apple Inc",
    "device_id": 7243
  },
  {
    "tac": "35586705",
    "name": "HTC 802t",
    "brand": "HTC",
    "model": "802t",
    "type": "Handheld",
    "frequency": [
      "GSM 1800",
      "GSM 1900",
      "GSM850 (GSM800)",
      "GSM 900",
      "802.11a",
      "Bluetooth",
      "FM87.5MHZ-108MHZ",
      "GPS",
      "HSDPA",
      "HSUPA",
      "WCDMA FDD Band 1",
      "WCDMA FDD Band 2",
      "WCDMA FDD Band 5",
      "WCDMA TDD Band A"
    ],
    "manufacturer": "HTC Corporation",
    "device_id": null
  },
  {
    "tac": "35603104",
    "name": "HTC PH05100",
    "brand": "HTC",
    "model": "PH05100",
    "type": "Handheld",
    "frequency": [
      "LTE FDD BAND 17",
      "LTE FDD BAND 4",
      "GSM 1800",
      "GSM 1900",
      "GSM850 (GSM800)",
      "GSM 900",
      "HSDPA",
      "HSUPA",
      "WCDMA FDD Band 1",
      "WCDMA FDD Band 2",
      "WCDMA FDD Band 5"
    ],
    "manufacturer": "HTC Corporation",
    "device_id": null
  },
  {
    "tac": "35607709",
    "name": "Apple iPhone 7 Plus",
    "brand": "Apple",
    "model": "iPhone 7 Plus",
    "type": "Smartphone",
    "frequency": [
      "CDMA2000",
      "LTE FDD BAND 1",
      "LTE FDD BAND 2",
      "LTE FDD BAND 3",
      "LTE FDD BAND 4",
      "LTE FDD BAND 7",
      "LTE FDD BAND 8",
      "LTE FDD BAND 12",
      "LTE FDD BAND 13",
      "LTE FDD BAND 17",
      "LTE FDD BAND 18",
      "LTE FDD BAND 19",
      "LTE FDD BAND 20",
      "LTE FDD BAND 25",
      "LTE FDD BAND 26",
      "LTE FDD BAND 27",
      "LTE FDD BAND 28",
      "LTE FDD BAND 29",
      "LTE FDD Band 30",
      "GSM850 (GSM800)",
      "GSM 900",
      "GSM 1800",
      "GSM 1900",
      "WCDMA FDD Band 1",
      "WCDMA FDD Band 2",
      "WCDMA FDD Band 4",
      "WCDMA FDD Band 5",
      "WCDMA FDD Band 8"
    ],
    "manufacturer": "Apple Inc",
    "device_id": 8065
  },
  {
    "tac": "35608709",
    "name": "Apple iPhone 8",
    "brand": "Apple",
    "model": "iPhone 8",
    "type": "Smartphone",
    "frequency": [
      "LTE FDD BAND 1",
      "LTE FDD BAND 2",
      "LTE FDD BAND 3",
      "LTE FDD BAND 4",
      "LTE FDD BAND 5",
      "LTE FDD BAND 7",
      "LTE FDD BAND 8",
      "LTE FDD BAND 12",
      "LTE FDD BAND 13",
      "LTE FDD BAND 17",
      "LTE FDD BAND 18",
      "LTE FDD BAND 19",
      "LTE FDD BAND 20",
      "LTE FDD BAND 24",
      "LTE FDD BAND 25",
      "LTE FDD BAND 26",
      "LTE FDD BAND 27",
      "LTE FDD BAND 28",
      "LTE TDD BAND 38",
      "LTE TDD BAND 39",
      "LTE TDD BAND 40",
      "LTE TDD BAND 41",
      "GSM850 (GSM800)",
      "GSM 900",
      "GSM 1800",
      "GSM 1900",
      "WCDMA FDD Band 1",
      "WCDMA FDD Band 2",
      "WCDMA FDD Band 4",
      "WCDMA FDD Band 5",
      "WCDMA FDD Band 8"
    ],
    "manufacturer": "Apple Inc",
    "device_id": 8573
  },
  {
    "tac": "35609309",
    "name": "Apple iPhone 8 (A1907)",
    "brand": "Apple",
    "model": "iPhone 8 (A1907)",
    "type": "Smartphone",
    "frequency": [
      "CDMA2000",
      "LTE FDD BAND 1",
      "LTE FDD BAND 2",
      "LTE FDD BAND 3",
      "LTE FDD BAND 4",
      "LTE FDD BAND 5",
      "LTE FDD BAND 7",
      "LTE FDD BAND 8",
      "LTE FDD BAND 12",
      "LTE FDD BAND 13",
      "LTE FDD BAND 17",
      "LTE FDD BAND 18",
      "LTE FDD BAND 19",
      "LTE FDD BAND 20",
      "LTE FDD BAND 24",
      "LTE FDD BAND 25",
      "LTE FDD BAND 26",
      "LTE FDD BAND 27",
      "LTE FDD BAND 28",
      "LTE TDD BAND 38",
      "LTE TDD BAND 39",
      "LTE TDD BAND 40",
      "LTE TDD BAND 41",
      "GSM850 (GSM800)",
      "GSM 900",
      "GSM 1800",
      "GSM 1900",
      "WCDMA FDD Band 1",
      "WCDMA FDD Band 2",
      "WCDMA FDD Band 4",
      "WCDMA FDD Band 5",
      "WCDMA FDD Band 8"
    ],
    "manufacturer": "Apple Inc",
    "device_id": null
  },
  {
    "tac": "35617209",
    "name": "Apple iPhone XS",
    "brand": "Apple",
    "model": "iPhone XS",
    "type": "Smartphone",
    "frequency": [
      "CDMA2000",
      "LTE FDD BAND 1",
      "LTE FDD BAND 2",
      "LTE FDD BAND 3",
      "LTE FDD BAND 4",
      "LTE FDD BAND 5",
      "LTE FDD BAND 7",
      "LTE FDD BAND 8",
      "LTE FDD BAND 12",
      "LTE FDD BAND 13",
      "LTE FDD BAND 14",
      "LTE FDD BAND 17",
      "LTE FDD BAND 18",
      "LTE FDD BAND 19",
      "LTE FDD BAND 20",
      "LTE FDD BAND 25",
      "LTE FDD BAND 26",
      "LTE FDD BAND 29",
      "LTE FDD Band 30",
      "LTE FDD Band 32",
      "LTE FDD Band 66",
      "LTE FDD BAND 71",
      "LTE TDD BAND 34",
      "LTE TDD BAND 38",
      "LTE TDD BAND 39",
      "LTE TDD BAND 40",
      "LTE TDD BAND 41",
      "LTE TDD BAND 46",
      "GSM850 (GSM800)",
      "GSM 900",
      "GSM 1800",
      "GSM 1900",
      "WCDMA FDD Band 1",
      "WCDMA FDD Band 2",
      "WCDMA FDD Band 4",
      "WCDMA FDD Band 5",
      "WCDMA FDD Band 6",
      "WCDMA FDD Band 8"
    ],
    "manufacturer": "Apple Inc",
    "device_id": 9318
  },
  {
    "tac": "35657408",
    "name": "Apple iPhone 7",
    "brand": "Apple",
    "model": "iPhone 7",
    "type": "Smartphone",
    "frequency": [
      "CDMA2000",
      "LTE FDD BAND 1",
      "LTE FDD BAND 2",
      "LTE FDD BAND 3",
      "LTE FDD BAND 4",
      "LTE FDD BAND 5",
      "LTE FDD BAND 7",
      "LTE FDD BAND 8",
      "LTE FDD BAND 13",
      "LTE FDD BAND 17",
      "LTE FDD BAND 18",
      "LTE FDD BAND 19",
      "LTE FDD BAND 20",
      "LTE FDD BAND 25",
      "LTE FDD BAND 26",
      "LTE FDD BAND 27",
      "LTE FDD BAND 28",
      "LTE FDD BAND 29",
      "LTE FDD Band 30",
      "LTE TDD BAND 38",
      "LTE TDD BAND 39",
      "LTE TDD BAND 40",
      "LTE TDD BAND 41",
      "LTE TDD BAND 42",
      "GSM850 (GSM800)",
      "GSM 1800",
      "GSM 1900",
      "WCDMA FDD Band 1",
      "WCDMA FDD Band 2",
      "WCDMA FDD Band 4",
      "WCDMA FDD Band 5",
      "WCDMA FDD Band 8",
      "WCDMA TDD Band A"
    ],
    "manufacturer": "Apple Inc",
    "device_id": 8064
  },
  {
    "tac": "35670408",
    "name": "Apple iPhone 8",
    "brand": "Apple",
    "model": "iPhone 8",
    "type": "Smartphone",
    "frequency": [
      "CDMA2000",
      "LTE FDD BAND 1",
      "LTE FDD BAND 2",
      "LTE FDD BAND 3",
      "LTE FDD BAND 4",
      "LTE FDD BAND 5",
      "LTE FDD BAND 7",
      "LTE FDD BAND 8",
      "LTE FDD BAND 12",
      "LTE FDD BAND 13",
      "LTE FDD BAND 17",
      "LTE FDD BAND 18",
      "LTE FDD BAND 19",
      "LTE FDD BAND 20",
      "LTE FDD BAND 24",
      "LTE FDD BAND 25",
      "LTE FDD BAND 26",
      "LTE FDD BAND 27",
      "LTE FDD BAND 28",
      "LTE TDD BAND 38",
      "LTE TDD BAND 39",
      "LTE TDD BAND 40",
      "LTE TDD BAND 41",
      "GSM850 (GSM800)",
      "GSM 900",
      "GSM 1800",
      "GSM 1900",
      "WCDMA FDD Band 1",
      "WCDMA FDD Band 2",
      "WCDMA FDD Band 4",
      "WCDMA FDD Band 5",
      "WCDMA FDD Band 8"
    ],
    "manufacturer": "Apple Inc",
    "device_id": 8573
  },
  {
    "tac": "35671508",
    "name": "Apple iPhone 8 Plus",
    "brand": "Apple",
    "model": "iPhone 8 Plus",
    "type": "Smartphone",
    "frequency": [
      "CDMA2000",
      "LTE FDD BAND 1",
      "LTE FDD BAND 2",
      "LTE FDD BAND 3",
      "LTE FDD BAND 4",
      "LTE FDD BAND 5",
      "LTE FDD BAND 7",
      "LTE FDD BAND 8",
      "LTE FDD BAND 12",
      "LTE FDD BAND 13",
      "LTE FDD BAND 17",
      "LTE FDD BAND 18",
      "LTE FDD BAND 19",
      "LTE FDD BAND 20",
      "LTE FDD BAND 24",
      "LTE FDD BAND 25",
      "LTE FDD BAND 26",
      "LTE FDD BAND 27",
      "LTE FDD BAND 28",
      "LTE TDD BAND 38",
      "LTE TDD BAND 39",
      "LTE TDD BAND 40",
      "LTE TDD BAND 41",
      "GSM850 (GSM800)",
      "GSM 900",
      "GSM 1800",
      "GSM 1900",
      "WCDMA FDD Band 1",
      "WCDMA FDD Band 2",
      "WCDMA FDD Band 4",
      "WCDMA FDD Band 5",
      "WCDMA FDD Band 8"
    ],
    "manufacturer": "Apple Inc",
    "device_id": 8131
  },
  {
    "tac": "35673908",
    "name": "Apple iPhone X",
    "brand": "Apple",
    "model": "iPhone X",
    "type": "Smartphone",
    "frequency": [
      "CDMA2000",
      "LTE FDD BAND 1",
      "LTE FDD BAND 2",
      "LTE FDD BAND 3",
      "LTE FDD BAND 4",
      "LTE FDD BAND 5",
      "LTE FDD BAND 7",
      "LTE FDD BAND 8",
      "LTE FDD BAND 12",
      "LTE FDD BAND 13",
      "LTE FDD BAND 17",
      "LTE FDD BAND 18",
      "LTE FDD BAND 19",
      "LTE FDD BAND 20",
      "LTE FDD BAND 24",
      "LTE FDD BAND 25",
      "LTE FDD BAND 26",
      "LTE FDD BAND 27",
      "LTE FDD BAND 28",
      "LTE TDD BAND 38",
      "LTE TDD BAND 39",
      "LTE TDD BAND 40",
      "LTE TDD BAND 41",
      "GSM850 (GSM800)",
      "GSM 900",
      "GSM 1800",
      "GSM 1900",
      "WCDMA FDD Band 1",
      "WCDMA FDD Band 2",
      "WCDMA FDD Band 4",
      "WCDMA FDD Band 5",
      "WCDMA FDD Band 8"
    ],
    "manufacturer": "Apple Inc",
    "device_id": 8858
  },
  {
    "tac": "35677508",
    "name": "Apple iPhone 8 Plus",
    "brand": "Apple",
    "model": "iPhone 8 Plus",
    "type": "Smartphone",
    "frequency": [
      "CDMA2000",
      "LTE FDD BAND 1",
      "LTE FDD BAND 2",
      "LTE FDD BAND 3",
      "LTE FDD BAND 4",
      "LTE FDD BAND 5",
      "LTE FDD BAND 7",
      "LTE FDD BAND 8",
      "LTE FDD BAND 12",
      "LTE FDD BAND 13",
      "LTE FDD BAND 17",
      "LTE FDD BAND 18",
      "LTE FDD BAND 19",
      "LTE FDD BAND 20",
      "LTE FDD BAND 24",
      "LTE FDD BAND 25",
      "LTE FDD BAND 26",
      "LTE FDD BAND 27",
      "LTE FDD BAND 28",
      "LTE TDD BAND 38",
      "LTE TDD BAND 39",
      "LTE TDD BAND 40",
      "LTE TDD BAND 41",
      "GSM850 (GSM800)",
      "GSM 900",
      "GSM 1800",
      "GSM 1900",
      "WCDMA FDD Band 1",
      "WCDMA FDD Band 2",
      "WCDMA FDD Band 4",
      "WCDMA FDD Band 5",
      "WCDMA FDD Band 8"
    ],
    "manufacturer": "Apple Inc",
    "device_id": 8131
  },
  {
    "tac": "35699606",
    "name": "Apple iPhone 6",
    "brand": "Apple",
    "model": "iPhone 6",
    "type": "Smartphone",
    "frequency": [
      "CDMA2000",
      "LTE FDD BAND 1",
      "LTE FDD BAND 13",
      "LTE FDD BAND 17",
      "LTE FDD BAND 18",
      "LTE FDD BAND 19",
      "LTE FDD BAND 2",
      "LTE FDD BAND 20",
      "LTE FDD BAND 25",
      "LTE FDD BAND 26",
      "LTE FDD BAND 28",
      "LTE FDD BAND 29",
      "LTE FDD BAND 3",
      "LTE FDD BAND 4",
      "LTE FDD BAND 5",
      "LTE FDD BAND 7",
      "LTE FDD BAND 8",
      "LTE TDD BAND 38",
      "LTE TDD BAND 39",
      "LTE TDD BAND 40",
      "LTE TDD BAND 41",
      "GSM 1800",
      "GSM 1900",
      "GSM 900",
      "GSM850 (GSM800)",
      "TD-SCDMA",
      "WCDMA FDD Band 1",
      "WCDMA FDD Band 2",
      "WCDMA FDD Band 4",
      "WCDMA FDD Band 5",
      "WCDMA FDD Band 8"
    ],
    "manufacturer": "Apple Inc",
    "device_id": 6378
  },
  {
    "tac": "35703605",
    "name": "HTC 601e",
    "brand": "HTC",
    "model": "601e",
    "type": "Handheld",
    "frequency": [
      "GSM 1800",
      "GSM 1900",
      "GSM850 (GSM800)",
      "GSM 900",
      "802.11a",
      "802.11b",
      "802.11g",
      "802.11n",
      "Bluetooth",
      "GPS",
      "HSDPA",
      "HSUPA",
      "WCDMA FDD Band 1",
      "WCDMA FDD Band 2",
      "WCDMA FDD Band 5",
      "WCDMA FDD Band 8"
    ],
    "manufacturer": "HTC Corporation",
    "device_id": null
  },
  {
    "tac": "35716305",
    "name": "HTC 5088",
    "brand": "HTC",
    "model": "5088",
    "type": "Handheld",
    "frequency": [
      "GSM 1800",
      "GSM 1900",
      "GSM 900",
      "802.11b",
      "802.11g",
      "802.11n",
      "Bluetooth",
      "GPS",
      "WCDMA TDD Band A"
    ],
    "manufacturer": "HTC Corporation",
    "device_id": null
  },
  {
    "tac": "35721409",
    "name": "Apple iPhone XS",
    "brand": "Apple",
    "model": "iPhone XS",
    "type": "Smartphone",
    "frequency": [
      "CDMA2000",
      "LTE FDD BAND 1",
      "LTE FDD BAND 2",
      "LTE FDD BAND 3",
      "LTE FDD BAND 4",
      "LTE FDD BAND 5",
      "LTE FDD BAND 7",
      "LTE FDD BAND 8",
      "LTE FDD BAND 12",
      "LTE FDD BAND 13",
      "LTE FDD BAND 14",
      "LTE FDD BAND 17",
      "LTE FDD BAND 18",
      "LTE FDD BAND 19",
      "LTE FDD BAND 20",
      "LTE FDD BAND 25",
      "LTE FDD BAND 26",
      "LTE FDD BAND 28",
      "LTE FDD BAND 29",
      "LTE FDD Band 30",
      "LTE FDD Band 32",
      "LTE FDD Band 66",
      "LTE TDD BAND 34",
      "LTE TDD BAND 38",
      "LTE TDD BAND 39",
      "LTE TDD BAND 40",
      "LTE TDD BAND 41",
      "LTE TDD BAND 46",
      "GSM850 (GSM800)",
      "GSM 900",
      "GSM 1800",
      "GSM 1900",
      "WCDMA FDD Band 1",
      "WCDMA FDD Band 2",
      "WCDMA FDD Band 4",
      "WCDMA FDD Band 5",
      "WCDMA FDD Band 6",
      "WCDMA FDD Band 8"
    ],
    "manufacturer": "Apple Inc",
    "device_id": 9318
  },
  {
    "tac": "35723209",
    "name": "Apple iPhone XS",
    "brand": "Apple",
    "model": "iPhone XS",
    "type": "Smartphone",
    "frequency": [
      "CDMA2000",
      "LTE FDD BAND 1",
      "LTE FDD BAND 2",
      "LTE FDD BAND 3",
      "LTE FDD BAND 4",
      "LTE FDD BAND 5",
      "LTE FDD BAND 7",
      "LTE FDD BAND 8",
      "LTE FDD BAND 11",
      "LTE FDD BAND 12",
      "LTE FDD BAND 13",
      "LTE FDD BAND 14",
      "LTE FDD BAND 17",
      "LTE FDD BAND 18",
      "LTE FDD BAND 19",
      "LTE FDD BAND 20",
      "LTE FDD BAND 21",
      "LTE FDD BAND 25",
      "LTE FDD BAND 26",
      "LTE FDD BAND 29",
      "LTE FDD Band 30",
      "LTE FDD Band 32",
      "LTE FDD Band 66",
      "LTE TDD BAND 34",
      "LTE TDD BAND 38",
      "LTE TDD BAND 39",
      "LTE TDD BAND 40",
      "LTE TDD BAND 41",
      "LTE TDD BAND 42",
      "LTE TDD BAND 46",
      "GSM850 (GSM800)",
      "GSM 900",
      "GSM 1800",
      "GSM 1900",
      "WCDMA FDD Band 1",
      "WCDMA FDD Band 2",
      "WCDMA FDD Band 4",
      "WCDMA FDD Band 5",
      "WCDMA FDD Band 6",
      "WCDMA FDD Band 8"
    ],
    "manufacturer": "Apple Inc",
    "device_id": 9318
  },
  {
    "tac": "35725409",
    "name": "Apple iPhone XS",
    "brand": "Apple",
    "model": "iPhone XS",
    "type": "Smartphone",
    "frequency": [
      "CDMA2000",
      "LTE FDD BAND 1",
      "LTE FDD BAND 2",
      "LTE FDD BAND 3",
      "LTE FDD BAND 4",
      "LTE FDD BAND 5",
      "LTE FDD BAND 7",
      "LTE FDD BAND 8",
      "LTE FDD BAND 12",
      "LTE FDD BAND 13",
      "LTE FDD BAND 14",
      "LTE FDD BAND 17",
      "LTE FDD BAND 18",
      "LTE FDD BAND 19",
      "LTE FDD BAND 20",
      "LTE FDD BAND 25",
      "LTE FDD BAND 26",
      "LTE FDD BAND 29",
      "LTE FDD Band 30",
      "LTE FDD Band 32",
      "LTE FDD Band 66",
      "LTE FDD BAND 71",
      "LTE TDD BAND 34",
      "LTE TDD BAND 38",
      "LTE TDD BAND 39",
      "LTE TDD BAND 40",
      "LTE TDD BAND 41",
      "LTE TDD BAND 46",
      "GSM850 (GSM800)",
      "GSM 900",
      "GSM 1800",
      "GSM 1900",
      "WCDMA FDD Band 1",
      "WCDMA FDD Band 2",
      "WCDMA FDD Band 4",
      "WCDMA FDD Band 5",
      "WCDMA FDD Band 6",
      "WCDMA FDD Band 8"
    ],
    "manufacturer": "Apple Inc",
    "device_id": 9318
  },
  {
    "tac": "35726209",
    "name": "Apple iPhone XS Max",
    "brand": "Apple",
    "model": "iPhone XS Max",
    "type": "Smartphone",
    "frequency": [
      "CDMA2000",
      "LTE FDD BAND 1",
      "LTE FDD BAND 2",
      "LTE FDD BAND 3",
      "LTE FDD BAND 4",
      "LTE FDD BAND 5",
      "LTE FDD BAND 7",
      "LTE FDD BAND 8",
      "LTE FDD BAND 12",
      "LTE FDD BAND 13",
      "LTE FDD BAND 14",
      "LTE FDD BAND 17",
      "LTE FDD BAND 18",
      "LTE FDD BAND 19",
      "LTE FDD BAND 20",
      "LTE FDD BAND 25",
      "LTE FDD BAND 26",
      "LTE FDD BAND 29",
      "LTE FDD Band 30",
      "LTE FDD Band 32",
      "LTE FDD Band 66",
      "LTE FDD BAND 71",
      "LTE TDD BAND 34",
      "LTE TDD BAND 38",
      "LTE TDD BAND 39",
      "LTE TDD BAND 40",
      "LTE TDD BAND 41",
      "LTE TDD BAND 46",
      "GSM850 (GSM800)",
      "GSM 900",
      "GSM 1800",
      "GSM 1900",
      "WCDMA FDD Band 1",
      "WCDMA FDD Band 2",
      "WCDMA FDD Band 4",
      "WCDMA FDD Band 5",
      "WCDMA FDD Band 6",
      "WCDMA FDD Band 8"
    ],
    "manufacturer": "Apple Inc",
    "device_id": 9319
  },
  {
    "tac": "35730309",
    "name": "Apple iPhone XS Max",
    "brand": "Apple",
    "model": "iPhone XS Max",
    "type": "Smartphone",
    "frequency": [
      "CDMA2000",
      "LTE FDD BAND 1",
      "LTE FDD BAND 2",
      "LTE FDD BAND 3",
      "LTE FDD BAND 4",
      "LTE FDD BAND 5",
      "LTE FDD BAND 7",
      "LTE FDD BAND 8",
      "LTE FDD BAND 11",
      "LTE FDD BAND 12",
      "LTE FDD BAND 13",
      "LTE FDD BAND 14",
      "LTE FDD BAND 17",
      "LTE FDD BAND 18",
      "LTE FDD BAND 19",
      "LTE FDD BAND 20",
      "LTE FDD BAND 21",
      "LTE FDD BAND 25",
      "LTE FDD BAND 26",
      "LTE FDD BAND 29",
      "LTE FDD Band 30",
      "LTE FDD Band 32",
      "LTE FDD Band 66",
      "LTE TDD BAND 34",
      "LTE TDD BAND 38",
      "LTE TDD BAND 39",
      "LTE TDD BAND 40",
      "LTE TDD BAND 41",
      "LTE TDD BAND 42",
      "LTE TDD BAND 46",
      "GSM850 (GSM800)",
      "GSM 900",
      "GSM 1800",
      "GSM 1900",
      "WCDMA FDD Band 1",
      "WCDMA FDD Band 2",
      "WCDMA FDD Band 4",
      "WCDMA FDD Band 5",
      "WCDMA FDD Band 6",
      "WCDMA FDD Band 8"
    ],
    "manufacturer": "Apple Inc",
    "device_id": 9319
  },
  {
    "tac": "35731509",
    "name": "Apple iPhone XS MAX (A2103)",
    "brand": "Apple",
    "model": "iPhone XS MAX (A2103)",
    "type": "Smartphone",
    "frequency": [
      "CDMA2000",
      "LTE FDD BAND 1",
      "LTE FDD BAND 2",
      "LTE FDD BAND 3",
      "LTE FDD BAND 4",
      "LTE FDD BAND 5",
      "LTE FDD BAND 7",
      "LTE FDD BAND 8",
      "LTE FDD BAND 12",
      "LTE FDD BAND 13",
      "LTE FDD BAND 14",
      "LTE FDD BAND 17",
      "LTE FDD BAND 18",
      "LTE FDD BAND 19",
      "LTE FDD BAND 20",
      "LTE FDD BAND 25",
      "LTE FDD BAND 26",
      "LTE FDD BAND 29",
      "LTE FDD Band 30",
      "LTE FDD Band 32",
      "LTE FDD Band 66",
      "LTE FDD BAND 71",
      "LTE TDD BAND 34",
      "LTE TDD BAND 38",
      "LTE TDD BAND 39",
      "LTE TDD BAND 40",
      "LTE TDD BAND 41",
      "LTE TDD BAND 46",
      "GSM850 (GSM800)",
      "GSM 900",
      "GSM 1800",
      "GSM 1900",
      "WCDMA FDD Band 1",
      "WCDMA FDD Band 2",
      "WCDMA FDD Band 4",
      "WCDMA FDD Band 5",
      "WCDMA FDD Band 6",
      "WCDMA FDD Band 8"
    ],
    "manufacturer": "Apple Inc",
    "device_id": null
  },
  {
    "tac": "35731105",
    "name": "HTC 0P3P520",
    "brand": "HTC",
    "model": "0P3P520",
    "type": "Handheld",
    "frequency": [
      "LTE FDD BAND 1",
      "LTE FDD BAND 3",
      "LTE FDD BAND 7",
      "LTE FDD BAND 8",
      "GSM 1800",
      "GSM 1900",
      "GSM850 (GSM800)",
      "GSM 900",
      "HSDPA",
      "HSUPA",
      "WCDMA FDD Band 1",
      "WCDMA FDD Band 2",
      "WCDMA FDD Band 5",
      "WCDMA FDD Band 8"
    ],
    "manufacturer": "HTC Corporation",
    "device_id": null
  },
  {
    "tac": "35734306",
    "name": "HTC 0PL4100",
    "brand": "HTC",
    "model": "0PL4100",
    "type": "Smartphone",
    "frequency": [
      "GSM 1800",
      "GSM 1900",
      "GSM 900",
      "GSM850 (GSM800)",
      "WCDMA FDD Band 1",
      "WCDMA FDD Band 5",
      "WCDMA FDD Band 8"
    ],
    "manufacturer": "HTC Corporation",
    "device_id": null
  },
  {
    "tac": "35737509",
    "name": "Apple iPhone XR",
    "brand": "Apple",
    "model": "iPhone XR",
    "type": "Smartphone",
    "frequency": [
      "CDMA2000",
      "LTE FDD BAND 1",
      "LTE FDD BAND 2",
      "LTE FDD BAND 3",
      "LTE FDD BAND 4",
      "LTE FDD BAND 5",
      "LTE FDD BAND 7",
      "LTE FDD BAND 8",
      "LTE FDD BAND 11",
      "LTE FDD BAND 12",
      "LTE FDD BAND 13",
      "LTE FDD BAND 14",
      "LTE FDD BAND 17",
      "LTE FDD BAND 18",
      "LTE FDD BAND 19",
      "LTE FDD BAND 20",
      "LTE FDD BAND 21",
      "LTE FDD BAND 25",
      "LTE FDD BAND 26",
      "LTE FDD BAND 29",
      "LTE FDD Band 30",
      "LTE FDD Band 32",
      "LTE FDD Band 66",
      "LTE TDD BAND 34",
      "LTE TDD BAND 38",
      "LTE TDD BAND 39",
      "LTE TDD BAND 40",
      "LTE TDD BAND 41",
      "LTE TDD BAND 42",
      "LTE TDD BAND 46",
      "GSM850 (GSM800)",
      "GSM 900",
      "GSM 1800",
      "GSM 1900",
      "WCDMA FDD Band 1",
      "WCDMA FDD Band 2",
      "WCDMA FDD Band 4",
      "WCDMA FDD Band 5",
      "WCDMA FDD Band 6",
      "WCDMA FDD Band 8"
    ],
    "manufacturer": "Apple Inc",
    "device_id": 9320
  },
  {
    "tac": "35738009",
    "name": "Apple iPhone XR",
    "brand": "Apple",
    "model": "iPhone XR",
    "type": "Smartphone",
    "frequency": [
      "CDMA2000",
      "LTE FDD BAND 1",
      "LTE FDD BAND 2",
      "LTE FDD BAND 3",
      "LTE FDD BAND 4",
      "LTE FDD BAND 5",
      "LTE FDD BAND 7",
      "LTE FDD BAND 8",
      "LTE FDD BAND 12",
      "LTE FDD BAND 13",
      "LTE FDD BAND 14",
      "LTE FDD BAND 17",
      "LTE FDD BAND 18",
      "LTE FDD BAND 19",
      "LTE FDD BAND 20",
      "LTE FDD BAND 25",
      "LTE FDD BAND 26",
      "LTE FDD BAND 29",
      "LTE FDD Band 30",
      "LTE FDD Band 32",
      "LTE FDD Band 66",
      "LTE FDD BAND 71",
      "LTE TDD BAND 34",
      "LTE TDD BAND 38",
      "LTE TDD BAND 39",
      "LTE TDD BAND 40",
      "LTE TDD BAND 41",
      "LTE TDD BAND 46",
      "GSM850 (GSM800)",
      "GSM 900",
      "GSM 1800",
      "GSM 1900",
      "WCDMA FDD Band 1",
      "WCDMA FDD Band 2",
      "WCDMA FDD Band 4",
      "WCDMA FDD Band 5",
      "WCDMA FDD Band 6",
      "WCDMA FDD Band 8"
    ],
    "manufacturer": "Apple Inc",
    "device_id": 9320
  },
  {
    "tac": "35740009",
    "name": "Apple iPhone 8 Plus",
    "brand": "Apple",
    "model": "iPhone 8 Plus",
    "type": "Smartphone",
    "frequency": [
      "CDMA2000",
      "LTE FDD BAND 1",
      "LTE FDD BAND 2",
      "LTE FDD BAND 3",
      "LTE FDD BAND 4",
      "LTE FDD BAND 5",
      "LTE FDD BAND 7",
      "LTE FDD BAND 8",
      "LTE FDD BAND 12",
      "LTE FDD BAND 13",
      "LTE FDD BAND 17",
      "LTE FDD BAND 18",
      "LTE FDD BAND 19",
      "LTE FDD BAND 20",
      "LTE FDD BAND 24",
      "LTE FDD BAND 25",
      "LTE FDD BAND 26",
      "LTE FDD BAND 27",
      "LTE FDD BAND 28",
      "LTE TDD BAND 38",
      "LTE TDD BAND 39",
      "LTE TDD BAND 40",
      "LTE TDD BAND 41",
      "GSM850 (GSM800)",
      "GSM 1800",
      "GSM 1900",
      "WCDMA FDD Band 1",
      "WCDMA FDD Band 2",
      "WCDMA FDD Band 4",
      "WCDMA FDD Band 5",
      "WCDMA FDD Band 8"
    ],
    "manufacturer": "Apple Inc",
    "device_id": 8131
  },
  {
    "tac": "35798505",
    "name": "HTC 0P4E210",
    "brand": "HTC",
    "model": "0P4E210",
    "type": "Handheld",
    "frequency": [
      "LTE FDD BAND 20",
      "LTE FDD BAND 3",
      "LTE FDD BAND 7",
      "LTE FDD BAND 8",
      "GSM 1800",
      "GSM 1900",
      "GSM850 (GSM800)",
      "GSM 900",
      "802.11a",
      "Bluetooth",
      "FM87.5MHZ-108MHZ",
      "GPS",
      "HSDPA",
      "HSUPA",
      "WCDMA FDD Band 1",
      "WCDMA FDD Band 2",
      "WCDMA FDD Band 8"
    ],
    "manufacturer": "HTC Corporation",
    "device_id": null
  },
  {
    "tac": "35831504",
    "name": "HTC PH39120",
    "brand": "HTC",
    "model": "PH39120",
    "type": "Handheld",
    "frequency": [
      "LTE FDD BAND 3",
      "GSM 1800",
      "GSM 1900",
      "GSM850 (GSM800)",
      "GSM 900",
      "HSDPA",
      "HSUPA",
      "WCDMA FDD Band 1",
      "WCDMA FDD Band 5"
    ],
    "manufacturer": "HTC Corporation",
    "device_id": null
  },
  {
    "tac": "35835806",
    "name": "Apple iPhone 5s",
    "brand": "Apple",
    "model": "iPhone 5s",
    "type": "Smartphone",
    "frequency": [
      "CDMA2000",
      "LTE FDD BAND 1",
      "LTE FDD BAND 13",
      "LTE FDD BAND 17",
      "LTE FDD BAND 19",
      "LTE FDD BAND 2",
      "LTE FDD BAND 20",
      "LTE FDD BAND 25",
      "LTE FDD BAND 3",
      "LTE FDD BAND 4",
      "LTE FDD BAND 5",
      "LTE FDD BAND 8",
      "GSM 1800",
      "GSM 1900",
      "GSM 900",
      "GSM850 (GSM800)",
      "WCDMA FDD Band 1",
      "WCDMA FDD Band 2",
      "WCDMA FDD Band 4",
      "WCDMA FDD Band 5",
      "WCDMA FDD Band 8"
    ],
    "manufacturer": "Apple Inc",
    "device_id": 5685
  },
  {
    "tac": "35849208",
    "name": "HTC U11",
    "brand": "HTC",
    "model": "U11",
    "type": "Smartphone",
    "frequency": [
      "LTE FDD BAND 1",
      "LTE FDD BAND 3",
      "LTE FDD BAND 4",
      "LTE FDD BAND 5",
      "LTE FDD BAND 7",
      "LTE FDD BAND 8",
      "LTE FDD BAND 12",
      "LTE FDD BAND 17",
      "LTE FDD BAND 20",
      "LTE FDD BAND 28",
      "LTE FDD Band 32",
      "LTE TDD BAND 38",
      "LTE TDD BAND 39",
      "LTE TDD BAND 40",
      "LTE TDD BAND 41",
      "GSM850 (GSM800)",
      "GSM 900",
      "GSM 1800",
      "GSM 1900",
      "CA_1A-3A-5A",
      "CA_1A-3A-8A",
      "CA_1A-3A-20A",
      "CA_3A-7A-20A",
      "CA_3A-7A-28A",
      "CA_1A-3A",
      "CA_1A-7A",
      "CA_1A-8A",
      "CA_1A-20A",
      "CA_3A-5A",
      "CA_3C-5A",
      "CA_3A-7A",
      "CA_3C-7A",
      "CA_3A-8A",
      "CA_3A-20A",
      "CA_3A-28A",
      "CA_3A-38A",
      "CA_3A-40A",
      "CA_3A-40C",
      "CA_7A-8A",
      "CA_7A-20A",
      "CA_7B-28A",
      "CA_20A-32A",
      "CA_7C",
      "CA_40C",
      "CA_40D",
      "CA_3A-3A",
      "CA_7A-7A",
      "WCDMA FDD Band 1",
      "WCDMA FDD Band 2",
      "WCDMA FDD Band 5",
      "WCDMA FDD Band 8"
    ],
    "manufacturer": "HTC Corporation",
    "device_id": 8630
  },
  {
    "tac": "35855407",
    "name": "Apple iPhone 6s",
    "brand": "Apple",
    "model": "iPhone 6s",
    "type": "Smartphone",
    "frequency": [
      "CDMA2000",
      "LTE FDD BAND 1",
      "LTE FDD BAND 2",
      "LTE FDD BAND 3",
      "LTE FDD BAND 4",
      "LTE FDD BAND 5",
      "LTE FDD BAND 7",
      "LTE FDD BAND 8",
      "LTE FDD BAND 12",
      "LTE FDD BAND 13",
      "LTE FDD BAND 17",
      "LTE FDD BAND 18",
      "LTE FDD BAND 19",
      "LTE FDD BAND 20",
      "LTE FDD BAND 25",
      "LTE FDD BAND 26",
      "LTE FDD BAND 27",
      "LTE FDD BAND 28",
      "LTE FDD BAND 29",
      "LTE FDD Band 30",
      "LTE TDD BAND 38",
      "LTE TDD BAND 39",
      "LTE TDD BAND 40",
      "LTE TDD BAND 41",
      "GSM850 (GSM800)",
      "GSM 900",
      "GSM 1800",
      "GSM 1900",
      "WCDMA FDD Band 1",
      "WCDMA FDD Band 2",
      "WCDMA FDD Band 4",
      "WCDMA FDD Band 5",
      "WCDMA FDD Band 8"
    ],
    "manufacturer": "Apple Inc",
    "device_id": 7242
  },
  {
    "tac": "35860405",
    "name": "HTC 606w",
    "brand": "HTC",
    "model": "606w",
    "type": "Handheld",
    "frequency": [
      "GSM 1800",
      "GSM 1900",
      "GSM 900",
      "802.11b",
      "802.11g",
      "802.11n",
      "Bluetooth",
      "GPS",
      "HSDPA",
      "HSUPA",
      "WCDMA FDD Band 1",
      "WCDMA FDD Band 8"
    ],
    "manufacturer": "HTC Corporation",
    "device_id": null
  },
  {
    "tac": "35862007",
    "name": "Apple iPhone 6s Plus",
    "brand": "Apple",
    "model": "iPhone 6s Plus",
    "type": "Smartphone",
    "frequency": [
      "CDMA2000",
      "LTE FDD BAND 1",
      "LTE FDD BAND 2",
      "LTE FDD BAND 3",
      "LTE FDD BAND 4",
      "LTE FDD BAND 5",
      "LTE FDD BAND 7",
      "LTE FDD BAND 8",
      "LTE FDD BAND 12",
      "LTE FDD BAND 13",
      "LTE FDD BAND 17",
      "LTE FDD BAND 18",
      "LTE FDD BAND 19",
      "LTE FDD BAND 20",
      "LTE FDD BAND 25",
      "LTE FDD BAND 26",
      "LTE FDD BAND 27",
      "LTE FDD BAND 28",
      "LTE FDD BAND 29",
      "LTE TDD BAND 38",
      "LTE TDD BAND 39",
      "LTE TDD BAND 40",
      "LTE TDD BAND 41",
      "GSM850 (GSM800)",
      "GSM 900",
      "GSM 1800",
      "GSM 1900",
      "WCDMA FDD Band 1",
      "WCDMA FDD Band 2",
      "WCDMA FDD Band 4",
      "WCDMA FDD Band 5",
      "WCDMA FDD Band 8",
      "WCDMA TDD Band A"
    ],
    "manufacturer": "Apple Inc",
    "device_id": 7243
  },
  {
    "tac": "35869809",
    "name": "Apple iPad Pro 11",
    "brand": "Apple",
    "model": "iPad Pro 11",
    "type": "Tablet",
    "frequency": [
      "LTE FDD BAND 1",
      "LTE FDD BAND 2",
      "LTE FDD BAND 3",
      "LTE FDD BAND 4",
      "LTE FDD BAND 5",
      "LTE FDD BAND 7",
      "LTE FDD BAND 8",
      "LTE FDD BAND 11",
      "LTE FDD BAND 12",
      "LTE FDD BAND 13",
      "LTE FDD BAND 14",
      "LTE FDD BAND 17",
      "LTE FDD BAND 18",
      "LTE FDD BAND 19",
      "LTE FDD BAND 20",
      "LTE FDD BAND 21",
      "LTE FDD BAND 25",
      "LTE FDD BAND 26",
      "LTE FDD BAND 28",
      "LTE FDD BAND 29",
      "LTE FDD Band 30",
      "LTE FDD Band 66",
      "LTE TDD BAND 34",
      "LTE TDD BAND 38",
      "LTE TDD BAND 39",
      "LTE TDD BAND 40",
      "LTE TDD BAND 41",
      "LTE TDD BAND 46",
      "GSM850 (GSM800)",
      "GSM 900",
      "GSM 1800",
      "GSM 1900",
      "WCDMA FDD Band 1",
      "WCDMA FDD Band 2",
      "WCDMA FDD Band 4",
      "WCDMA FDD Band 5",
      "WCDMA FDD Band 6",
      "WCDMA FDD Band 8"
    ],
    "manufacturer": "Apple Inc",
    "device_id": 9386
  },
  {
    "tac": "35871409",
    "name": "Apple iPad Pro 12.9 (2018)",
    "brand": "Apple",
    "model": "iPad Pro 12.9 (2018)",
    "type": "Tablet",
    "frequency": [
      "LTE FDD BAND 1",
      "LTE FDD BAND 2",
      "LTE FDD BAND 3",
      "LTE FDD BAND 4",
      "LTE FDD BAND 5",
      "LTE FDD BAND 7",
      "LTE FDD BAND 8",
      "LTE FDD BAND 11",
      "LTE FDD BAND 12",
      "LTE FDD BAND 13",
      "LTE FDD BAND 14",
      "LTE FDD BAND 17",
      "LTE FDD BAND 18",
      "LTE FDD BAND 19",
      "LTE FDD BAND 20",
      "LTE FDD BAND 21",
      "LTE FDD BAND 25",
      "LTE FDD BAND 26",
      "LTE FDD BAND 29",
      "LTE FDD Band 30",
      "LTE FDD Band 66",
      "LTE FDD BAND 71",
      "LTE TDD BAND 34",
      "LTE TDD BAND 38",
      "LTE TDD BAND 39",
      "LTE TDD BAND 40",
      "LTE TDD BAND 41",
      "LTE TDD BAND 46",
      "GSM850 (GSM800)",
      "GSM 900",
      "GSM 1800",
      "GSM 1900",
      "WCDMA FDD Band 1",
      "WCDMA FDD Band 2",
      "WCDMA FDD Band 4",
      "WCDMA FDD Band 5",
      "WCDMA FDD Band 6",
      "WCDMA FDD Band 8"
    ],
    "manufacturer": "Apple Inc",
    "device_id": 9387
  },
  {
    "tac": "35876805",
    "name": "Apple iPhone 5s",
    "brand": "Apple",
    "model": "iPhone 5s",
    "type": "Smartphone",
    "frequency": [
      "GSM 1800",
      "GSM 1900",
      "GSM 900",
      "GSM850 (GSM800)",
      "WCDMA FDD Band 1",
      "WCDMA FDD Band 2",
      "WCDMA FDD Band 5",
      "WCDMA FDD Band 8"
    ],
    "manufacturer": "Apple Inc",
    "device_id": 5685
  },
  {
    "tac": "35878609",
    "name": "Apple iPhone XS (A2099)",
    "brand": "Apple",
    "model": "iPhone XS (A2099)",
    "type": "Smartphone",
    "frequency": [
      "CDMA2000",
      "LTE FDD BAND 1",
      "LTE FDD BAND 2",
      "LTE FDD BAND 4",
      "LTE FDD BAND 5",
      "LTE FDD BAND 7",
      "LTE FDD BAND 8",
      "LTE FDD BAND 12",
      "LTE FDD BAND 13",
      "LTE FDD BAND 14",
      "LTE FDD BAND 17",
      "LTE FDD BAND 18",
      "LTE FDD BAND 19",
      "LTE FDD BAND 20",
      "LTE FDD BAND 25",
      "LTE FDD BAND 26",
      "LTE FDD BAND 29",
      "LTE FDD Band 30",
      "LTE FDD Band 32",
      "LTE FDD Band 66",
      "LTE FDD BAND 71",
      "LTE TDD BAND 34",
      "LTE TDD BAND 38",
      "LTE TDD BAND 39",
      "LTE TDD BAND 40",
      "LTE TDD BAND 41",
      "LTE TDD BAND 46",
      "GSM850 (GSM800)",
      "GSM 900",
      "GSM 1800",
      "GSM 1900",
      "WCDMA FDD Band 1",
      "WCDMA FDD Band 2",
      "WCDMA FDD Band 4",
      "WCDMA FDD Band 5",
      "WCDMA FDD Band 8"
    ],
    "manufacturer": "Apple Inc",
    "device_id": null
  },
  {
    "tac": "35880305",
    "name": "Apple iPhone 5c",
    "brand": "Apple",
    "model": "iPhone 5c",
    "type": "Smartphone",
    "frequency": [
      "LTE FDD BAND 1",
      "LTE FDD BAND 2",
      "LTE FDD BAND 20",
      "LTE FDD BAND 3",
      "LTE FDD BAND 5",
      "LTE FDD BAND 7",
      "LTE FDD BAND 8",
      "GSM 1800",
      "GSM 1900",
      "GSM 900",
      "GSM850 (GSM800)",
      "WCDMA FDD Band 1",
      "WCDMA FDD Band 2",
      "WCDMA FDD Band 5",
      "WCDMA FDD Band 8"
    ],
    "manufacturer": "Apple Inc",
    "device_id": 5690
  },
  {
    "tac": "35882105",
    "name": "Apple iPhone 5c",
    "brand": "Apple",
    "model": "iPhone 5c",
    "type": "Smartphone",
    "frequency": [
      "CDMA2000",
      "LTE FDD BAND 1",
      "LTE FDD BAND 13",
      "LTE FDD BAND 17",
      "LTE FDD BAND 19",
      "LTE FDD BAND 2",
      "LTE FDD BAND 20",
      "LTE FDD BAND 25",
      "LTE FDD BAND 3",
      "LTE FDD BAND 4",
      "LTE FDD BAND 5",
      "LTE FDD BAND 8",
      "GSM 1900",
      "GSM850 (GSM800)",
      "GSM 900",
      "WCDMA FDD Band 1",
      "WCDMA FDD Band 2",
      "WCDMA FDD Band 4",
      "WCDMA FDD Band 5",
      "WCDMA FDD Band 8"
    ],
    "manufacturer": "Apple Inc",
    "device_id": 5690
  },
  {
    "tac": "35883204",
    "name": "HTC PJ34100",
    "brand": "HTC",
    "model": "PJ34100",
    "type": "Portable(include PDA)",
    "frequency": [
      "802.11a",
      "802.11b",
      "802.11g",
      "802.11n",
      "Bluetooth",
      "GPS",
      "HSDPA",
      "HSUPA",
      "WCDMA FDD Band 1",
      "WCDMA FDD Band 8"
    ],
    "manufacturer": "HTC Corporation",
    "device_id": null
  },
  {
    "tac": "35885606",
    "name": "HTC M9pt",
    "brand": "HTC",
    "model": "M9pt",
    "type": "Smartphone",
    "frequency": [
      "LTE TDD BAND 38",
      "LTE TDD BAND 39",
      "LTE TDD BAND 40",
      "LTE TDD BAND 41",
      "GSM 1800",
      "GSM 1900",
      "GSM 900",
      "GSM850 (GSM800)",
      "TD-SCDMA"
    ],
    "manufacturer": "HTC Corporation",
    "device_id": null
  },
  {
    "tac": "35890704",
    "name": "HTC X515m",
    "brand": "HTC",
    "model": "X515m",
    "type": "Handheld",
    "frequency": [
      "GSM 1800",
      "GSM 1900",
      "GSM850 (GSM800)",
      "GSM 900",
      "HSDPA",
      "HSUPA",
      "WCDMA FDD Band 1",
      "WCDMA FDD Band 4",
      "WCDMA FDD Band 8"
    ],
    "manufacturer": "HTC Corporation",
    "device_id": null
  },
  {
    "tac": "35912807",
    "name": "Apple iPhone 7 Plus",
    "brand": "Apple",
    "model": "iPhone 7 Plus",
    "type": "Smartphone",
    "frequency": [
      "CDMA2000",
      "LTE FDD BAND 1",
      "LTE FDD BAND 12",
      "LTE FDD BAND 13",
      "LTE FDD BAND 17",
      "LTE FDD BAND 18",
      "LTE FDD BAND 19",
      "LTE FDD BAND 2",
      "LTE FDD BAND 20",
      "LTE FDD BAND 25",
      "LTE FDD BAND 26",
      "LTE FDD BAND 27",
      "LTE FDD BAND 28",
      "LTE FDD BAND 29",
      "LTE FDD BAND 3",
      "LTE FDD BAND 4",
      "LTE FDD BAND 5",
      "LTE FDD BAND 7",
      "LTE FDD BAND 8",
      "LTE FDD Band 30",
      "LTE TDD BAND 38",
      "LTE TDD BAND 39",
      "LTE TDD BAND 40",
      "LTE TDD BAND 41",
      "GSM 1800",
      "GSM 1900",
      "GSM 900",
      "GSM850 (GSM800)",
      "TD-SCDMA",
      "WCDMA FDD Band 1",
      "WCDMA FDD Band 2",
      "WCDMA FDD Band 4",
      "WCDMA FDD Band 5",
      "WCDMA FDD Band 8"
    ],
    "manufacturer": "Apple Inc",
    "device_id": 8065
  },
  {
    "tac": "35923606",
    "name": "Apple iPhone 6",
    "brand": "Apple",
    "model": "iPhone 6",
    "type": "Smartphone",
    "frequency": [
      "CDMA2000",
      "LTE FDD BAND 1",
      "LTE FDD BAND 13",
      "LTE FDD BAND 17",
      "LTE FDD BAND 18",
      "LTE FDD BAND 19",
      "LTE FDD BAND 2",
      "LTE FDD BAND 20",
      "LTE FDD BAND 26",
      "LTE FDD BAND 28",
      "LTE FDD BAND 29",
      "LTE FDD BAND 3",
      "LTE FDD BAND 4",
      "LTE FDD BAND 5",
      "LTE FDD BAND 7",
      "LTE FDD BAND 8",
      "GSM 1800",
      "GSM 1900",
      "GSM 900",
      "GSM850 (GSM800)",
      "WCDMA FDD Band 1",
      "WCDMA FDD Band 2",
      "WCDMA FDD Band 4",
      "WCDMA FDD Band 5",
      "WCDMA FDD Band 8"
    ],
    "manufacturer": "Apple Inc",
    "device_id": 6378
  },
  {
    "tac": "35940405",
    "name": "HTC 0P6M100",
    "brand": "HTC",
    "model": "0P6M100",
    "type": "Smartphone",
    "frequency": [
      "LTE FDD BAND 2",
      "LTE FDD BAND 4",
      "LTE FDD BAND 5",
      "LTE FDD BAND 17",
      "GSM850 (GSM800)",
      "GSM 900",
      "GSM 1800",
      "GSM 1900",
      "WCDMA FDD Band 1",
      "WCDMA FDD Band 2",
      "WCDMA FDD Band 4",
      "WCDMA FDD Band 5"
    ],
    "manufacturer": "HTC Corporation",
    "device_id": null
  },
  {
    "tac": "35946408",
    "name": "Apple iPhone 7",
    "brand": "Apple",
    "model": "iPhone 7",
    "type": "Smartphone",
    "frequency": [
      "CDMA2000",
      "LTE FDD BAND 1",
      "LTE FDD BAND 2",
      "LTE FDD BAND 3",
      "LTE FDD BAND 4",
      "LTE FDD BAND 5",
      "LTE FDD BAND 7",
      "LTE FDD BAND 8",
      "LTE FDD BAND 12",
      "LTE FDD BAND 13",
      "LTE FDD BAND 17",
      "LTE FDD BAND 18",
      "LTE FDD BAND 19",
      "LTE FDD BAND 20",
      "LTE FDD BAND 25",
      "LTE FDD BAND 26",
      "LTE FDD BAND 27",
      "LTE FDD BAND 28",
      "LTE FDD BAND 29",
      "LTE FDD Band 30",
      "LTE TDD BAND 38",
      "LTE TDD BAND 39",
      "LTE TDD BAND 40",
      "LTE TDD BAND 41",
      "GSM850 (GSM800)",
      "GSM 900",
      "GSM 1800",
      "GSM 1900",
      "WCDMA FDD Band 1",
      "WCDMA FDD Band 2",
      "WCDMA FDD Band 4",
      "WCDMA FDD Band 5",
      "WCDMA FDD Band 8"
    ],
    "manufacturer": "Apple Inc",
    "device_id": 8064
  },
  {
    "tac": "35947108",
    "name": "Apple iPhone 7 Plus",
    "brand": "Apple",
    "model": "iPhone 7 Plus",
    "type": "Smartphone",
    "frequency": [
      "CDMA2000",
      "LTE FDD BAND 1",
      "LTE FDD BAND 2",
      "LTE FDD BAND 3",
      "LTE FDD BAND 4",
      "LTE FDD BAND 7",
      "LTE FDD BAND 8",
      "LTE FDD BAND 12",
      "LTE FDD BAND 13",
      "LTE FDD BAND 17",
      "LTE FDD BAND 18",
      "LTE FDD BAND 19",
      "LTE FDD BAND 20",
      "LTE FDD BAND 25",
      "LTE FDD BAND 26",
      "LTE FDD BAND 27",
      "LTE FDD BAND 28",
      "LTE FDD BAND 29",
      "LTE FDD Band 30",
      "LTE TDD BAND 38",
      "LTE TDD BAND 39",
      "LTE TDD BAND 40",
      "LTE TDD BAND 41",
      "GSM850 (GSM800)",
      "GSM 900",
      "GSM 1800",
      "GSM 1900",
      "WCDMA FDD Band 1",
      "WCDMA FDD Band 2",
      "WCDMA FDD Band 4",
      "WCDMA FDD Band 5",
      "WCDMA FDD Band 8"
    ],
    "manufacturer": "Apple Inc",
    "device_id": 8065
  },
  {
    "tac": "35947906",
    "name": "HTC 2PNL100",
    "brand": "HTC",
    "model": "2PNL100",
    "type": "Smartphone",
    "frequency": [
      "LTE FDD BAND 1",
      "LTE FDD BAND 3",
      "LTE FDD BAND 5",
      "LTE FDD BAND 7",
      "LTE FDD BAND 8",
      "LTE TDD BAND 38",
      "LTE TDD BAND 39",
      "LTE TDD BAND 40",
      "LTE TDD BAND 41",
      "GSM850 (GSM800)",
      "GSM 900",
      "GSM 1800",
      "GSM 1900",
      "WCDMA FDD Band 1",
      "WCDMA FDD Band 2",
      "WCDMA FDD Band 5",
      "WCDMA FDD Band 8"
    ],
    "manufacturer": "HTC Corporation",
    "device_id": null
  },
  {
    "tac": "35948608",
    "name": "Apple iPhone 6s",
    "brand": "Apple",
    "model": "iPhone 6s",
    "type": "Smartphone",
    "frequency": [
      "CDMA2000",
      "LTE FDD BAND 1",
      "LTE FDD BAND 2",
      "LTE FDD BAND 3",
      "LTE FDD BAND 4",
      "LTE FDD BAND 5",
      "LTE FDD BAND 7",
      "LTE FDD BAND 8",
      "LTE FDD BAND 12",
      "LTE FDD BAND 13",
      "LTE FDD BAND 17",
      "LTE FDD BAND 18",
      "LTE FDD BAND 19",
      "LTE FDD BAND 20",
      "LTE FDD BAND 25",
      "LTE FDD BAND 26",
      "LTE FDD BAND 27",
      "LTE FDD BAND 28",
      "LTE FDD BAND 29",
      "LTE TDD BAND 38",
      "LTE TDD BAND 39",
      "LTE TDD BAND 40",
      "LTE TDD BAND 41",
      "GSM850 (GSM800)",
      "GSM 900",
      "GSM 1800",
      "GSM 1900",
      "WCDMA FDD Band 1",
      "WCDMA FDD Band 2",
      "WCDMA FDD Band 4",
      "WCDMA FDD Band 5",
      "WCDMA FDD Band 8"
    ],
    "manufacturer": "Apple Inc",
    "device_id": 7242
  },
  {
    "tac": "35970204",
    "name": "HTC PG58100",
    "brand": "HTC",
    "model": "PG58100",
    "type": "Handheld",
    "frequency": [
      "GSM 1800",
      "GSM 1900",
      "GSM850 (GSM800)",
      "GSM 900",
      "HSDPA",
      "HSUPA",
      "WCDMA FDD Band 1",
      "WCDMA FDD Band 4",
      "WCDMA FDD Band 8"
    ],
    "manufacturer": "HTC Corporation",
    "device_id": null
  },
  {
    "tac": "99000178",
    "name": "Apple iPad 3 Wi-Fi + Cellular",
    "brand": "Apple",
    "model": "iPad 3 Wi-Fi + Cellular",
    "type": "Handheld",
    "frequency": [
      "CDMA2000",
      "LTE FDD BAND 13",
      "GSM 1800",
      "GSM 1900",
      "GSM 900",
      "GSM850 (GSM800)",
      "WCDMA FDD Band 1",
      "WCDMA FDD Band 2",
      "WCDMA FDD Band 5",
      "WCDMA FDD Band 8"
    ],
    "manufacturer": "Apple Inc",
    "device_id": 4620
  },
  {
    "tac": "99000384",
    "name": "Apple iPad mini Wi-Fi",
    "brand": "Apple",
    "model": "iPad mini Wi-Fi",
    "type": "Handheld",
    "frequency": [
      "CDMA2000",
      "LTE FDD BAND 1",
      "LTE FDD BAND 13",
      "LTE FDD BAND 25",
      "LTE FDD BAND 3",
      "LTE FDD BAND 5",
      "GSM 1800",
      "GSM 1900",
      "GSM850 (GSM800)",
      "GSM 900",
      "HSDPA",
      "HSUPA",
      "WCDMA FDD Band 1",
      "WCDMA FDD Band 2",
      "WCDMA FDD Band 5",
      "WCDMA FDD Band 8"
    ],
    "manufacturer": "Apple Inc",
    "device_id": 5070
  },
  {
    "tac": "01233600",
    "name": "Apple iPhone 4",
    "brand": "Apple",
    "model": "iPhone 4",
    "type": "Handheld",
    "frequency": [
      "GSM 1800",
      "GSM 1900",
      "GSM 900",
      "GSM850 (GSM800)",
      "WCDMA FDD Band 1",
      "WCDMA FDD Band 2",
      "WCDMA FDD Band 5",
      "WCDMA FDD Band 8"
    ],
    "manufacturer": "Apple Inc",
    "device_id": 3275
  },
  {
    "tac": "01274400",
    "name": "Apple iPhone 4",
    "brand": "Apple",
    "model": "iPhone 4",
    "type": "Handheld",
    "frequency": [
      "GSM 1800",
      "GSM 1900",
      "GSM 900",
      "GSM850 (GSM800)",
      "WCDMA FDD Band 1",
      "WCDMA FDD Band 2",
      "WCDMA FDD Band 5",
      "WCDMA FDD Band 8"
    ],
    "manufacturer": "Apple Inc",
    "device_id": 3275
  },
  {
    "tac": "01284000",
    "name": "Apple iPhone 4",
    "brand": "Apple",
    "model": "iPhone 4",
    "type": "Handheld",
    "frequency": [
      "GSM 1800",
      "GSM 1900",
      "GSM 900",
      "GSM850 (GSM800)",
      "WCDMA FDD Band 1",
      "WCDMA FDD Band 2",
      "WCDMA FDD Band 5",
      "WCDMA FDD Band 8"
    ],
    "manufacturer": "Apple Inc",
    "device_id": 3275
  },
  {
    "tac": "01292400",
    "name": "Apple iPad 2 Wi-Fi + 3G",
    "brand": "Apple",
    "model": "iPad 2 Wi-Fi + 3G",
    "type": "Handheld",
    "frequency": [
      "GSM 1800",
      "GSM 1900",
      "GSM 900",
      "GSM850 (GSM800)",
      "WCDMA FDD Band 1",
      "WCDMA FDD Band 2",
      "WCDMA FDD Band 5",
      "WCDMA FDD Band 8"
    ],
    "manufacturer": "Apple Inc",
    "device_id": 3848
  },
  {
    "tac": "01318500",
    "name": "Apple iPhone 4s",
    "brand": "Apple",
    "model": "iPhone 4s",
    "type": "Handheld",
    "frequency": [
      "GSM 1800",
      "GSM 1900",
      "GSM 900",
      "GSM850 (GSM800)",
      "WCDMA FDD Band 1",
      "WCDMA FDD Band 2",
      "WCDMA FDD Band 5",
      "WCDMA FDD Band 8"
    ],
    "manufacturer": "Apple Inc",
    "device_id": 4212
  },
  {
    "tac": "01319700",
    "name": "Apple iPhone 4s",
    "brand": "Apple",
    "model": "iPhone 4s",
    "type": "Handheld",
    "frequency": [
      "GSM 1800",
      "GSM 1900",
      "GSM 900",
      "GSM850 (GSM800)",
      "WCDMA FDD Band 1",
      "WCDMA FDD Band 2",
      "WCDMA FDD Band 5",
      "WCDMA FDD Band 8"
    ],
    "manufacturer": "Apple Inc",
    "device_id": 4212
  },
  {
    "tac": "01324400",
    "name": "Apple iPad 3G (A1337)",
    "brand": "Apple",
    "model": "iPad 3G (A1337)",
    "type": "Handheld",
    "frequency": [
      "GSM 1800",
      "GSM 1900",
      "GSM 900",
      "GSM850 (GSM800)",
      "WCDMA FDD Band 1",
      "WCDMA FDD Band 2",
      "WCDMA FDD Band 5",
      "WCDMA FDD Band 8"
    ],
    "manufacturer": "Apple Inc",
    "device_id": null
  },
  {
    "tac": "01325400",
    "name": "Apple iPhone 3GS",
    "brand": "Apple",
    "model": "iPhone 3GS",
    "type": "Handheld",
    "frequency": [
      "GSM 1800",
      "GSM 1900",
      "GSM 900",
      "GSM850 (GSM800)",
      "WCDMA FDD Band 1",
      "WCDMA FDD Band 2",
      "WCDMA FDD Band 4"
    ],
    "manufacturer": "Apple Inc",
    "device_id": 2826
  },
  {
    "tac": "01334800",
    "name": "Apple iPhone 5",
    "brand": "Apple",
    "model": "iPhone 5",
    "type": "Handheld",
    "frequency": [
      "LTE FDD BAND 1",
      "LTE FDD BAND 12",
      "LTE FDD BAND 13",
      "LTE FDD BAND 17",
      "LTE FDD BAND 25",
      "LTE FDD BAND 3",
      "LTE FDD BAND 5",
      "GSM 1800",
      "GSM 1900",
      "GSM850 (GSM800)",
      "GSM 900",
      "WCDMA FDD Band 1",
      "WCDMA FDD Band 2",
      "WCDMA FDD Band 5",
      "WCDMA FDD Band 8"
    ],
    "manufacturer": "Apple Inc",
    "device_id": 4910
  },
  {
    "tac": "01340800",
    "name": "Apple iPhone 5",
    "brand": "Apple",
    "model": "iPhone 5",
    "type": "Handheld",
    "frequency": [
      "LTE FDD BAND 1",
      "LTE FDD BAND 13",
      "LTE FDD BAND 17",
      "LTE FDD BAND 25",
      "LTE FDD BAND 3",
      "LTE FDD BAND 5",
      "GSM 1800",
      "GSM 1900",
      "GSM850 (GSM800)",
      "GSM 900",
      "WCDMA FDD Band 1",
      "WCDMA FDD Band 2",
      "WCDMA FDD Band 5",
      "WCDMA FDD Band 8"
    ],
    "manufacturer": "Apple Inc",
    "device_id": 4910
  },
  {
    "tac": "01340900",
    "name": "Apple iPhone 5",
    "brand": "Apple",
    "model": "iPhone 5",
    "type": "Handheld",
    "frequency": [
      "LTE FDD BAND 1",
      "LTE FDD BAND 13",
      "LTE FDD BAND 17",
      "LTE FDD BAND 25",
      "LTE FDD BAND 3",
      "LTE FDD BAND 5",
      "GSM 1800",
      "GSM 1900",
      "GSM850 (GSM800)",
      "GSM 900",
      "WCDMA FDD Band 1",
      "WCDMA FDD Band 2",
      "WCDMA FDD Band 5",
      "WCDMA FDD Band 8"
    ],
    "manufacturer": "Apple Inc",
    "device_id": 4910
  },
  {
    "tac": "01343000",
    "name": "Apple iPhone 5",
    "brand": "Apple",
    "model": "iPhone 5",
    "type": "Handheld",
    "frequency": [
      "LTE FDD BAND 2",
      "LTE FDD BAND 4",
      "LTE FDD BAND 5",
      "GSM 1800",
      "GSM 1900",
      "GSM 900",
      "GSM850 (GSM800)",
      "WCDMA FDD Band 1",
      "WCDMA FDD Band 2",
      "WCDMA FDD Band 5",
      "WCDMA FDD Band 8"
    ],
    "manufacturer": "Apple Inc",
    "device_id": 4910
  },
  {
    "tac": "35643610",
    "name": "Apple iPhone XR",
    "brand": "Apple",
    "model": "iPhone XR",
    "type": "Smartphone",
    "frequency": [
      "CDMA2000",
      "LTE FDD BAND 1",
      "LTE FDD BAND 2",
      "LTE FDD BAND 4",
      "LTE FDD BAND 5",
      "LTE FDD BAND 7",
      "LTE FDD BAND 8",
      "LTE FDD BAND 12",
      "LTE FDD BAND 13",
      "LTE FDD BAND 14",
      "LTE FDD BAND 17",
      "LTE FDD BAND 18",
      "LTE FDD BAND 19",
      "LTE FDD BAND 20",
      "LTE FDD BAND 25",
      "LTE FDD BAND 26",
      "LTE FDD BAND 29",
      "LTE FDD Band 30",
      "LTE FDD Band 66",
      "LTE FDD BAND 71",
      "LTE TDD BAND 34",
      "LTE TDD BAND 38",
      "LTE TDD BAND 39",
      "LTE TDD BAND 40",
      "LTE TDD BAND 41",
      "LTE TDD BAND 46",
      "GSM850 (GSM800)",
      "GSM 900",
      "GSM 1800",
      "GSM 1900",
      "WCDMA FDD Band 1",
      "WCDMA FDD Band 2",
      "WCDMA FDD Band 4",
      "WCDMA FDD Band 5",
      "WCDMA FDD Band 6",
      "WCDMA FDD Band 8"
    ],
    "manufacturer": "Apple Inc",
    "device_id": 9320
  },
  {
    "tac": "35320710",
    "name": "Apple iPad 10.2",
    "brand": "Apple",
    "model": "iPad 10.2",
    "type": "Tablet",
    "frequency": [
      "CDMA2000",
      "LTE FDD BAND 1",
      "LTE FDD BAND 2",
      "LTE FDD BAND 3",
      "LTE FDD BAND 4",
      "LTE FDD BAND 5",
      "LTE FDD BAND 7",
      "LTE FDD BAND 8",
      "LTE FDD BAND 11",
      "LTE FDD BAND 12",
      "LTE FDD BAND 13",
      "LTE FDD BAND 14",
      "LTE FDD BAND 17",
      "LTE FDD BAND 18",
      "LTE FDD BAND 19",
      "LTE FDD BAND 20",
      "LTE FDD BAND 21",
      "LTE FDD BAND 25",
      "LTE FDD BAND 26",
      "LTE FDD BAND 29",
      "LTE FDD Band 30",
      "LTE FDD Band 66",
      "LTE FDD BAND 71",
      "LTE TDD BAND 34",
      "LTE TDD BAND 38",
      "LTE TDD BAND 39",
      "LTE TDD BAND 40",
      "LTE TDD BAND 41",
      "GSM850 (GSM800)",
      "GSM 900",
      "GSM 1800",
      "GSM 1900",
      "WCDMA FDD Band 1",
      "WCDMA FDD Band 2",
      "WCDMA FDD Band 4",
      "WCDMA FDD Band 5",
      "WCDMA FDD Band 6",
      "WCDMA FDD Band 8"
    ],
    "manufacturer": "Apple Inc",
    "device_id": 9857
  },
  {
    "tac": "35387210",
    "name": "Apple iPhone 11 Pro",
    "brand": "Apple",
    "model": "iPhone 11 Pro",
    "type": "Smartphone",
    "frequency": [
      "CDMA2000",
      "LTE FDD BAND 1",
      "LTE FDD BAND 2",
      "LTE FDD BAND 3",
      "LTE FDD BAND 4",
      "LTE FDD BAND 5",
      "LTE FDD BAND 7",
      "LTE FDD BAND 8",
      "LTE FDD BAND 12",
      "LTE FDD BAND 13",
      "LTE FDD BAND 14",
      "LTE FDD BAND 17",
      "LTE FDD BAND 18",
      "LTE FDD BAND 19",
      "LTE FDD BAND 20",
      "LTE FDD BAND 25",
      "LTE FDD BAND 26",
      "LTE FDD BAND 29",
      "LTE FDD Band 30",
      "LTE FDD Band 32",
      "LTE FDD Band 66",
      "LTE FDD BAND 71",
      "LTE TDD BAND 34",
      "LTE TDD BAND 38",
      "LTE TDD BAND 39",
      "LTE TDD BAND 40",
      "LTE TDD BAND 41",
      "LTE TDD BAND 46",
      "GSM850 (GSM800)",
      "GSM 900",
      "GSM 1800",
      "GSM 1900",
      "WCDMA FDD Band 1",
      "WCDMA FDD Band 2",
      "WCDMA FDD Band 4",
      "WCDMA FDD Band 5",
      "WCDMA FDD Band 6",
      "WCDMA FDD Band 8"
    ],
    "manufacturer": "Apple Inc",
    "device_id": 9847
  },
  {
    "tac": "35388310",
    "name": "Apple iPhone 11 Pro",
    "brand": "Apple",
    "model": "iPhone 11 Pro",
    "type": "Smartphone",
    "frequency": [
      "CDMA2000",
      "LTE FDD BAND 1",
      "LTE FDD BAND 2",
      "LTE FDD BAND 3",
      "LTE FDD BAND 4",
      "LTE FDD BAND 5",
      "LTE FDD BAND 7",
      "LTE FDD BAND 8",
      "LTE FDD BAND 12",
      "LTE FDD BAND 13",
      "LTE FDD BAND 14",
      "LTE FDD BAND 17",
      "LTE FDD BAND 18",
      "LTE FDD BAND 19",
      "LTE FDD BAND 20",
      "LTE FDD BAND 25",
      "LTE FDD BAND 26",
      "LTE FDD BAND 29",
      "LTE FDD Band 30",
      "LTE FDD Band 32",
      "LTE FDD Band 66",
      "LTE FDD BAND 71",
      "LTE TDD BAND 34",
      "LTE TDD BAND 38",
      "LTE TDD BAND 39",
      "LTE TDD BAND 40",
      "LTE TDD BAND 41",
      "LTE TDD BAND 46",
      "GSM850 (GSM800)",
      "GSM 900",
      "GSM 1800",
      "GSM 1900",
      "WCDMA FDD Band 1",
      "WCDMA FDD Band 2",
      "WCDMA FDD Band 4",
      "WCDMA FDD Band 5",
      "WCDMA FDD Band 6",
      "WCDMA FDD Band 8"
    ],
    "manufacturer": "Apple Inc",
    "device_id": 9847
  },
  {
    "tac": "35391710",
    "name": "Apple iPhone 11 Pro Max",
    "brand": "Apple",
    "model": "iPhone 11 Pro Max",
    "type": "Smartphone",
    "frequency": [
      "CDMA2000",
      "LTE FDD BAND 1",
      "LTE FDD BAND 3",
      "LTE FDD BAND 4",
      "LTE FDD BAND 5",
      "LTE FDD BAND 7",
      "LTE FDD BAND 8",
      "LTE FDD BAND 11",
      "LTE FDD BAND 12",
      "LTE FDD BAND 13",
      "LTE FDD BAND 14",
      "LTE FDD BAND 17",
      "LTE FDD BAND 18",
      "LTE FDD BAND 19",
      "LTE FDD BAND 20",
      "LTE FDD BAND 21",
      "LTE FDD BAND 25",
      "LTE FDD BAND 26",
      "LTE FDD BAND 28",
      "LTE FDD BAND 29",
      "LTE FDD Band 30",
      "LTE FDD Band 32",
      "LTE FDD Band 66",
      "LTE TDD BAND 34",
      "LTE TDD BAND 38",
      "LTE TDD BAND 39",
      "LTE TDD BAND 40",
      "LTE TDD BAND 41",
      "LTE TDD BAND 42",
      "LTE TDD BAND 46",
      "GSM850 (GSM800)",
      "GSM 900",
      "GSM 1800",
      "GSM 1900",
      "WCDMA FDD Band 1",
      "WCDMA FDD Band 2",
      "WCDMA FDD Band 4",
      "WCDMA FDD Band 5",
      "WCDMA FDD Band 6",
      "WCDMA FDD Band 8"
    ],
    "manufacturer": "Apple Inc",
    "device_id": 9846
  },
  {
    "tac": "35635110",
    "name": "Apple Watch Series 5 Aluminum",
    "brand": "Apple",
    "model": "Watch Series 5 Aluminum",
    "type": "Wearable",
    "frequency": [
      "CDMA2000",
      "LTE FDD BAND 1",
      "LTE FDD BAND 2",
      "LTE FDD BAND 3",
      "LTE FDD BAND 4",
      "LTE FDD BAND 5",
      "LTE FDD BAND 7",
      "LTE FDD BAND 12",
      "LTE FDD BAND 13",
      "LTE FDD BAND 17",
      "LTE FDD BAND 18",
      "LTE FDD BAND 19",
      "LTE FDD BAND 25",
      "LTE FDD BAND 26",
      "LTE FDD Band 66",
      "LTE TDD BAND 39",
      "LTE TDD BAND 40",
      "LTE TDD BAND 41",
      "GSM850 (GSM800)",
      "GSM 900",
      "GSM 1800",
      "GSM 1900",
      "WCDMA FDD Band 1",
      "WCDMA FDD Band 2",
      "WCDMA FDD Band 4",
      "WCDMA FDD Band 5",
      "WCDMA FDD Band 6"
    ],
    "manufacturer": "Apple Inc",
    "device_id": 9858
  },
  {
    "tac": "35280311",
    "name": "Apple iPhone 11 Pro",
    "brand": "Apple",
    "model": "iPhone 11 Pro",
    "type": "Smartphone",
    "frequency": [
      "CDMA2000",
      "LTE FDD BAND 1",
      "LTE FDD BAND 2",
      "LTE FDD BAND 3",
      "LTE FDD BAND 4",
      "LTE FDD BAND 5",
      "LTE FDD BAND 7",
      "LTE FDD BAND 8",
      "LTE FDD BAND 12",
      "LTE FDD BAND 13",
      "LTE FDD BAND 14",
      "LTE FDD BAND 17",
      "LTE FDD BAND 18",
      "LTE FDD BAND 19",
      "LTE FDD BAND 20",
      "LTE FDD BAND 25",
      "LTE FDD BAND 26",
      "LTE FDD BAND 29",
      "LTE FDD Band 30",
      "LTE FDD Band 32",
      "LTE FDD Band 66",
      "LTE FDD BAND 71",
      "LTE TDD BAND 34",
      "LTE TDD BAND 38",
      "LTE TDD BAND 39",
      "LTE TDD BAND 40",
      "LTE TDD BAND 41",
      "LTE TDD BAND 46",
      "GSM850 (GSM800)",
      "GSM 900",
      "GSM 1800",
      "GSM 1900",
      "WCDMA FDD Band 1",
      "WCDMA FDD Band 2",
      "WCDMA FDD Band 4",
      "WCDMA FDD Band 5",
      "WCDMA FDD Band 6",
      "WCDMA FDD Band 8"
    ],
    "manufacturer": "Apple Inc",
    "device_id": 9847
  },
  {
    "tac": "35282811",
    "name": "Apple iPhone 11 Pro",
    "brand": "Apple",
    "model": "iPhone 11 Pro",
    "type": "Smartphone",
    "frequency": [
      "CDMA2000",
      "LTE FDD BAND 1",
      "LTE FDD BAND 2",
      "LTE FDD BAND 3",
      "LTE FDD BAND 4",
      "LTE FDD BAND 5",
      "LTE FDD BAND 7",
      "LTE FDD BAND 8",
      "LTE FDD BAND 11",
      "LTE FDD BAND 12",
      "LTE FDD BAND 13",
      "LTE FDD BAND 14",
      "LTE FDD BAND 17",
      "LTE FDD BAND 18",
      "LTE FDD BAND 19",
      "LTE FDD BAND 20",
      "LTE FDD BAND 21",
      "LTE FDD BAND 25",
      "LTE FDD BAND 26",
      "LTE FDD BAND 28",
      "LTE FDD BAND 29",
      "LTE FDD Band 30",
      "LTE FDD Band 32",
      "LTE FDD Band 66",
      "LTE TDD BAND 34",
      "LTE TDD BAND 38",
      "LTE TDD BAND 39",
      "LTE TDD BAND 40",
      "LTE TDD BAND 41",
      "LTE TDD BAND 42",
      "LTE TDD BAND 46",
      "GSM850 (GSM800)",
      "GSM 900",
      "GSM 1800",
      "GSM 1900",
      "WCDMA FDD Band 1",
      "WCDMA FDD Band 2",
      "WCDMA FDD Band 4",
      "WCDMA FDD Band 5",
      "WCDMA FDD Band 6",
      "WCDMA FDD Band 8"
    ],
    "manufacturer": "Apple Inc",
    "device_id": 9847
  },
  {
    "tac": "35292911",
    "name": "Apple iPhone 11",
    "brand": "Apple",
    "model": "iPhone 11",
    "type": "Smartphone",
    "frequency": [
      "CDMA2000",
      "LTE FDD BAND 1",
      "LTE FDD BAND 2",
      "LTE FDD BAND 3",
      "LTE FDD BAND 4",
      "LTE FDD BAND 5",
      "LTE FDD BAND 7",
      "LTE FDD BAND 8",
      "LTE FDD BAND 11",
      "LTE FDD BAND 12",
      "LTE FDD BAND 13",
      "LTE FDD BAND 14",
      "LTE FDD BAND 17",
      "LTE FDD BAND 18",
      "LTE FDD BAND 19",
      "LTE FDD BAND 20",
      "LTE FDD BAND 21",
      "LTE FDD BAND 25",
      "LTE FDD BAND 26",
      "LTE FDD BAND 28",
      "LTE FDD BAND 29",
      "LTE FDD Band 30",
      "LTE FDD Band 32",
      "LTE FDD Band 66",
      "LTE TDD BAND 34",
      "LTE TDD BAND 38",
      "LTE TDD BAND 39",
      "LTE TDD BAND 40",
      "LTE TDD BAND 41",
      "LTE TDD BAND 42",
      "LTE TDD BAND 46",
      "GSM850 (GSM800)",
      "GSM 900",
      "GSM 1800",
      "GSM 1900",
      "WCDMA FDD Band 1",
      "WCDMA FDD Band 2",
      "WCDMA FDD Band 4",
      "WCDMA FDD Band 5",
      "WCDMA FDD Band 6",
      "WCDMA FDD Band 8"
    ],
    "manufacturer": "Apple Inc",
    "device_id": 9848
  },
  {
    "tac": "35649510",
    "name": "Apple iPhone SE (2020)",
    "brand": "Apple",
    "model": "iPhone SE (2020)",
    "type": "Smartphone",
    "frequency": [
      "LTE FDD BAND 1",
      "LTE FDD BAND 2",
      "LTE FDD BAND 3",
      "LTE FDD BAND 4",
      "LTE FDD BAND 5",
      "LTE FDD BAND 7",
      "LTE FDD BAND 8",
      "LTE FDD BAND 11",
      "LTE FDD BAND 12",
      "LTE FDD BAND 13",
      "LTE FDD BAND 17",
      "LTE FDD BAND 18",
      "LTE FDD BAND 19",
      "LTE FDD BAND 20",
      "LTE FDD BAND 21",
      "LTE FDD BAND 25",
      "LTE FDD BAND 26",
      "LTE FDD BAND 28",
      "LTE FDD BAND 29",
      "LTE FDD Band 30",
      "LTE FDD Band 32",
      "LTE FDD Band 66",
      "LTE TDD BAND 34",
      "LTE TDD BAND 38",
      "LTE TDD BAND 39",
      "LTE TDD BAND 40",
      "LTE TDD BAND 41",
      "LTE TDD BAND 42",
      "LTE TDD BAND 46",
      "LTE TDD BAND 48",
      "GSM850 (GSM800)",
      "GSM 900",
      "GSM 1800",
      "GSM 1900",
      "WCDMA FDD Band 1",
      "WCDMA FDD Band 2",
      "WCDMA FDD Band 4",
      "WCDMA FDD Band 5",
      "WCDMA FDD Band 6",
      "WCDMA FDD Band 8"
    ],
    "manufacturer": "Apple Inc",
    "device_id": 10170
  },
  {
    "tac": "35651810",
    "name": "Apple iPhone SE (2020)",
    "brand": "Apple",
    "model": "iPhone SE (2020)",
    "type": "Smartphone",
    "frequency": [
      "LTE FDD BAND 1",
      "LTE FDD BAND 2",
      "LTE FDD BAND 3",
      "LTE FDD BAND 4",
      "LTE FDD BAND 5",
      "LTE FDD BAND 7",
      "LTE FDD BAND 8",
      "LTE FDD BAND 12",
      "LTE FDD BAND 13",
      "LTE FDD BAND 14",
      "LTE FDD BAND 17",
      "LTE FDD BAND 18",
      "LTE FDD BAND 19",
      "LTE FDD BAND 20",
      "LTE FDD BAND 25",
      "LTE FDD BAND 26",
      "LTE FDD BAND 29",
      "LTE FDD Band 30",
      "LTE FDD Band 66",
      "LTE FDD BAND 71",
      "LTE TDD BAND 34",
      "LTE TDD BAND 38",
      "LTE TDD BAND 39",
      "LTE TDD BAND 40",
      "LTE TDD BAND 41",
      "LTE TDD BAND 42",
      "LTE TDD BAND 46",
      "LTE TDD BAND 48",
      "GSM850 (GSM800)",
      "GSM 900",
      "GSM 1800",
      "GSM 1900",
      "WCDMA FDD Band 1",
      "WCDMA FDD Band 4",
      "WCDMA FDD Band 5",
      "WCDMA FDD Band 6",
      "WCDMA FDD Band 8"
    ],
    "manufacturer": "Apple Inc",
    "device_id": 10170
  }
]